{"type":"FeatureCollection","features":[{"type":"Feature","geometry":{"type":"MultiPolygon","coordinates":[[[[93.85,7.24],[93.69,7.19],[93.66,7.13],[93.67,7.01],[93.72,6.99],[93.83,6.75],[93.85,6.82],[93.91,6.83],[93.9,6.89],[93.95,7.01],[93.89,7.09],[93.88,7.2],[93.85,7.24]]],[[[93.71,7.44],[93.71,7.39],[93.63,7.37],[93.65,7.24],[93.72,7.31],[93.76,7.37],[93.71,7.44]]],[[[93.38,8.02],[93.31,7.96],[93.38,7.88],[93.47,7.89],[93.38,8.02]]],[[[93.55,8.03],[93.51,7.98],[93.57,7.93],[93.55,8.03]]],[[[93.53,8.23],[93.45,8.18],[93.49,8],[93.55,8.09],[93.5,8.14],[93.53,8.23]]],[[[93.13,8.36],[93.09,8.27],[93.11,8.23],[93.21,8.21],[93.13,8.28],[93.13,8.36]]],[[[92.79,9.24],[92.72,9.21],[92.73,9.12],[92.83,9.14],[92.79,9.24]]],[[[92.52,10.9],[92.38,10.78],[92.38,10.67],[92.42,10.61],[92.38,10.54],[92.5,10.51],[92.57,10.58],[92.54,10.61],[92.59,10.68],[92.59,10.79],[92.52,10.9]]],[[[92.64,11.51],[92.59,11.35],[92.69,11.37],[92.64,11.51]]],[[[92.22,11.59],[92.22,11.53],[92.26,11.52],[92.27,11.58],[92.22,11.59]]],[[[92.97,12.03],[92.93,12.01],[93.03,11.89],[93.05,11.9],[92.97,12.03]]],[[[93.03,12.16],[92.96,12.15],[93.04,12.05],[93.03,12.16]]],[[[93.07,12.21],[93.04,12.13],[93.09,12.1],[93.07,12.21]]],[[[92.7,12.24],[92.67,12.22],[92.62,12.1],[92.6,11.9],[92.56,11.95],[92.51,11.85],[92.54,11.84],[92.56,11.7],[92.59,11.72],[92.62,11.56],[92.71,11.48],[92.75,11.61],[92.75,11.69],[92.79,11.85],[92.79,11.93],[92.72,11.95],[92.77,12.05],[92.74,12.07],[92.74,12.09],[92.74,12.11],[92.76,12.18],[92.7,12.24]]],[[[92.78,12.31],[92.74,12.25],[92.77,12.24],[92.77,12.18],[92.74,12.1],[92.74,12.08],[92.76,12.06],[92.81,12.1],[92.82,12.17],[92.88,12.19],[92.87,12.3],[92.83,12.3],[92.78,12.31]]],[[[93.84,12.32],[93.83,12.24],[93.88,12.24],[93.84,12.32]]],[[[92.9,12.92],[92.87,12.88],[92.8,12.9],[92.72,12.83],[92.74,12.67],[92.71,12.59],[92.7,12.33],[92.75,12.3],[92.77,12.32],[92.83,12.3],[92.88,12.31],[92.89,12.34],[92.83,12.43],[92.92,12.41],[92.98,12.54],[92.96,12.61],[92.98,12.71],[92.9,12.92]]],[[[92.7,12.99],[92.65,12.86],[92.67,12.79],[92.72,12.87],[92.7,12.99]]],[[[93.03,13.57],[93.01,13.54],[92.91,13.53],[92.88,13.43],[92.84,13.39],[92.8,13.09],[92.8,12.9],[92.87,12.88],[92.88,12.98],[92.94,12.98],[93.03,13.07],[93.05,13.26],[92.99,13.33],[93.09,13.34],[93.03,13.44],[93.03,13.57]]]]},"properties":{"NAME_1":"Andaman and Nicobar"}},{"type":"Feature","geometry":{"type":"MultiPolygon","coordinates":[[[[82.33,16.72],[82.29,16.7],[82.26,16.69],[82.3,16.61],[82.36,16.71],[82.33,16.72]]],[[[82.3,16.71],[82.34,16.74],[82.36,16.85],[82.31,16.85],[82.25,16.91],[82.3,17.04],[82.44,17.17],[82.58,17.27],[82.76,17.37],[82.99,17.47],[83.01,17.5],[83.16,17.56],[83.24,17.61],[83.41,17.81],[83.45,17.9],[83.53,17.95],[83.56,18.01],[83.67,18.08],[84.07,18.28],[84.22,18.44],[84.36,18.56],[84.49,18.74],[84.55,18.8],[84.58,18.86],[84.76,19.07],[84.73,19.09],[84.72,19.1],[84.7,19.11],[84.69,19.12],[84.7,19.13],[84.7,19.15],[84.68,19.15],[84.67,19.16],[84.67,19.14],[84.66,19.12],[84.65,19.12],[84.63,19.12],[84.6,19.12],[84.61,19.09],[84.62,19.09],[84.62,19.07],[84.63,19.07],[84.64,19.08],[84.66,19.06],[84.65,19.05],[84.65,19.06],[84.63,19.06],[84.63,19.05],[84.62,19.06],[84.61,19.05],[84.6,19.03],[84.59,19.01],[84.57,19.04],[84.58,19.06],[84.57,19.06],[84.56,19.06],[84.55,19.05],[84.51,19.04],[84.5,19.02],[84.49,19.02],[84.48,19.01],[84.48,18.99],[84.47,18.98],[84.44,19],[84.42,19.01],[84.41,19.01],[84.43,19],[84.43,18.99],[84.43,18.98],[84.43,18.91],[84.31,18.78],[84.22,18.79],[84.08,18.74],[84.03,18.8],[83.89,18.81],[83.84,18.85],[83.79,19.01],[83.73,18.98],[83.62,19.14],[83.53,19.01],[83.46,19.07],[83.46,18.95],[83.41,18.99],[83.31,18.99],[83.34,18.92],[83.41,18.86],[83.36,18.8],[83.28,18.79],[83.2,18.74],[83.13,18.77],[83.05,18.65],[83.01,18.64],[83.03,18.56],[83.09,18.53],[83.02,18.45],[83.07,18.39],[82.98,18.35],[82.9,18.36],[82.82,18.44],[82.77,18.33],[82.66,18.29],[82.63,18.23],[82.58,18.27],[82.6,18.37],[82.54,18.39],[82.52,18.5],[82.47,18.54],[82.36,18.41],[82.38,18.37],[82.34,18.31],[82.31,18.17],[82.33,18.04],[82.29,18.06],[82.27,17.99],[82.16,18.04],[82.02,18.06],[81.94,17.98],[81.8,17.94],[81.7,17.86],[81.66,17.88],[81.61,17.82],[81.38,17.81],[81.25,17.81],[81.16,17.85],[81.03,17.79],[81,17.84],[80.97,18.04],[80.94,18.08],[80.97,18.17],[80.86,18.13],[80.82,18.23],[80.8,18.17],[80.73,18.17],[80.79,18.25],[80.74,18.3],[80.69,18.44],[80.63,18.52],[80.49,18.63],[80.34,18.59],[80.27,18.72],[80.11,18.68],[80.01,18.77],[79.93,18.78],[79.89,18.83],[79.94,18.86],[79.93,19.04],[79.86,19.03],[79.86,19.1],[79.94,19.18],[79.92,19.23],[79.96,19.3],[79.97,19.4],[79.91,19.49],[79.74,19.6],[79.62,19.57],[79.59,19.5],[79.54,19.55],[79.47,19.5],[79.37,19.57],[79.24,19.61],[79.22,19.46],[79.17,19.47],[79.1,19.53],[79.02,19.54],[78.97,19.65],[78.86,19.66],[78.85,19.76],[78.53,19.82],[78.5,19.79],[78.4,19.84],[78.31,19.91],[78.29,19.85],[78.37,19.78],[78.35,19.71],[78.29,19.69],[78.31,19.57],[78.28,19.56],[78.31,19.46],[78.19,19.4],[78.18,19.24],[78.05,19.27],[77.95,19.34],[77.86,19.3],[77.83,19.14],[77.76,19.06],[77.77,18.98],[77.85,18.95],[77.94,18.84],[77.84,18.81],[77.79,18.68],[77.73,18.68],[77.75,18.59],[77.66,18.53],[77.6,18.55],[77.55,18.46],[77.53,18.34],[77.55,18.29],[77.6,18.28],[77.56,18.2],[77.6,18.08],[77.55,18.03],[77.65,17.99],[77.62,17.9],[77.59,17.91],[77.55,17.82],[77.5,17.78],[77.54,17.73],[77.45,17.69],[77.44,17.58],[77.59,17.56],[77.59,17.53],[77.69,17.51],[77.68,17.47],[77.53,17.44],[77.52,17.36],[77.46,17.34],[77.45,17.28],[77.38,17.22],[77.38,17.14],[77.46,17.1],[77.5,17.01],[77.45,16.91],[77.47,16.78],[77.44,16.78],[77.42,16.66],[77.46,16.58],[77.39,16.57],[77.42,16.52],[77.37,16.48],[77.24,16.47],[77.28,16.4],[77.41,16.36],[77.48,16.38],[77.58,16.33],[77.49,16.25],[77.49,16.03],[77.51,15.92],[77.25,15.96],[77.08,15.91],[77.02,15.83],[77.06,15.82],[77.05,15.73],[77.12,15.66],[77.03,15.63],[77.03,15.5],[76.97,15.49],[77.03,15.44],[77.04,15.36],[77.11,15.33],[77.16,15.17],[77.11,15.03],[76.98,15.01],[76.88,15.03],[76.8,15.09],[76.76,14.97],[76.86,14.96],[76.83,14.78],[76.8,14.73],[76.76,14.6],[76.87,14.47],[76.97,14.48],[76.94,14.4],[76.88,14.39],[76.9,14.32],[76.94,14.31],[76.94,14.24],[77.11,14.22],[77.15,14.34],[77.2,14.31],[77.28,14.33],[77.28,14.28],[77.36,14.27],[77.39,14.33],[77.48,14.28],[77.51,14.17],[77.39,14.17],[77.39,14.12],[77.33,14.02],[77.42,13.98],[77.43,13.91],[77.35,13.9],[77.35,13.98],[77.31,14.02],[77.13,14],[77.12,14.04],[77.02,14.05],[77.02,14.17],[76.89,14.16],[76.97,14.05],[76.93,14.02],[77.04,13.93],[76.97,13.81],[76.99,13.74],[77.17,13.75],[77.16,13.86],[77.24,13.89],[77.25,13.84],[77.31,13.86],[77.42,13.84],[77.46,13.74],[77.44,13.7],[77.52,13.69],[77.67,13.78],[77.78,13.81],[77.83,13.86],[77.81,13.92],[77.89,13.93],[77.92,13.9],[77.96,13.95],[77.97,13.82],[78.04,13.89],[78.11,13.85],[78.12,13.78],[78.06,13.69],[78.09,13.63],[78.16,13.65],[78.18,13.56],[78.38,13.58],[78.37,13.39],[78.36,13.36],[78.52,13.26],[78.58,13.26],[78.57,13.16],[78.51,13.12],[78.5,13.05],[78.45,13.03],[78.42,12.89],[78.35,12.93],[78.3,12.85],[78.24,12.85],[78.22,12.75],[78.19,12.7],[78.26,12.69],[78.37,12.61],[78.46,12.62],[78.49,12.73],[78.55,12.69],[78.63,12.92],[78.61,12.98],[78.69,13],[78.7,13.06],[78.88,13.08],[78.98,13.08],[79.15,13.01],[79.25,13.15],[79.35,13.13],[79.42,13.18],[79.42,13.29],[79.45,13.32],[79.54,13.31],[79.57,13.25],[79.68,13.26],[79.7,13.2],[79.78,13.23],[79.72,13.27],[79.75,13.3],[79.85,13.3],[79.93,13.34],[79.96,13.45],[80.04,13.5],[79.99,13.53],[80.07,13.54],[80.08,13.53],[80.09,13.53],[80.1,13.51],[80.12,13.5],[80.13,13.5],[80.14,13.49],[80.14,13.48],[80.15,13.48],[80.16,13.48],[80.22,13.48],[80.28,13.39],[80.31,13.43],[80.26,13.47],[80.12,13.51],[80.05,13.59],[80.09,13.67],[80.13,13.61],[80.13,13.73],[80.26,13.56],[80.23,13.67],[80.25,13.78],[80.14,14.06],[80.13,14.16],[80.17,14.38],[80.2,14.59],[80.12,14.73],[80.05,15.03],[80.08,15.27],[80.13,15.37],[80.19,15.45],[80.27,15.67],[80.36,15.76],[80.57,15.86],[80.71,15.88],[80.79,15.86],[80.82,15.71],[81,15.75],[80.99,15.82],[81.15,15.97],[81.24,16.24],[81.32,16.31],[81.4,16.34],[81.54,16.36],[81.72,16.31],[81.94,16.4],[82.21,16.53],[82.3,16.59],[82.26,16.69],[82.3,16.71]]]]},"properties":{"NAME_1":"Andhra Pradesh"}},{"type":"Feature","geometry":{"type":"Polygon","coordinates":[[[95.24,26.69],[95.3,26.66],[95.42,26.7],[95.55,26.84],[95.61,26.82],[95.67,26.91],[95.75,26.91],[95.82,27.02],[95.88,27.02],[95.96,27.07],[96.04,27.2],[96.23,27.28],[96.43,27.31],[96.52,27.29],[96.62,27.37],[96.71,27.38],[96.8,27.35],[96.89,27.27],[96.87,27.2],[96.98,27.17],[97.06,27.11],[97.15,27.1],[97.17,27.14],[97.09,27.25],[97,27.33],[96.91,27.46],[96.94,27.53],[96.9,27.62],[96.98,27.67],[97.02,27.74],[97.1,27.75],[97.1,27.79],[97.26,27.91],[97.39,27.9],[97.38,27.99],[97.42,28.02],[97.31,28.07],[97.37,28.23],[97.13,28.36],[97.05,28.36],[97,28.32],[96.9,28.39],[96.77,28.37],[96.76,28.42],[96.66,28.47],[96.6,28.47],[96.46,28.42],[96.42,28.35],[96.27,28.42],[96.37,28.48],[96.32,28.53],[96.41,28.56],[96.49,28.64],[96.47,28.68],[96.59,28.72],[96.61,28.8],[96.54,28.88],[96.52,28.97],[96.48,28.99],[96.53,29.08],[96.44,29.04],[96.35,29.03],[96.23,28.93],[96.17,28.91],[96.18,28.99],[96.11,29.08],[96.17,29.09],[96.26,29.16],[96.35,29.17],[96.37,29.28],[96.29,29.24],[96.23,29.24],[96.15,29.4],[96.08,29.46],[95.96,29.38],[95.88,29.39],[95.78,29.36],[95.73,29.3],[95.59,29.22],[95.55,29.22],[95.55,29.13],[95.5,29.14],[95.45,29.04],[95.25,29.07],[95.25,29.11],[95.12,29.12],[94.99,29.17],[95.03,29.13],[94.87,29.18],[94.8,29.16],[94.77,29.25],[94.63,29.35],[94.56,29.23],[94.43,29.23],[94.35,29.15],[94.29,29.15],[94.21,29.08],[94.16,28.95],[93.99,28.84],[94,28.78],[93.92,28.67],[93.84,28.71],[93.78,28.67],[93.73,28.69],[93.61,28.66],[93.34,28.64],[93.28,28.5],[93.18,28.43],[93.23,28.4],[93.19,28.32],[93.02,28.3],[93,28.23],[92.96,28.26],[92.9,28.2],[92.78,28.18],[92.68,28.12],[92.66,28.06],[92.74,27.99],[92.67,27.9],[92.56,27.82],[92.49,27.84],[92.31,27.78],[92.26,27.86],[92.16,27.84],[92.06,27.76],[91.98,27.77],[91.92,27.72],[91.86,27.74],[91.83,27.81],[91.71,27.81],[91.67,27.86],[91.54,27.86],[91.63,27.8],[91.62,27.71],[91.56,27.63],[91.56,27.58],[91.65,27.48],[91.69,27.5],[91.77,27.46],[91.85,27.48],[91.94,27.46],[92.02,27.48],[92.06,27.33],[92.12,27.29],[92.03,27.17],[92.04,27.05],[92.1,27.01],[92.11,26.89],[92.19,26.89],[92.45,26.96],[92.59,26.96],[92.66,27.04],[92.87,27.01],[93.02,26.92],[93.35,26.96],[93.47,26.94],[93.68,26.97],[93.72,27.02],[93.84,27.08],[93.81,27.15],[94,27.33],[94.06,27.36],[94.16,27.48],[94.26,27.52],[94.21,27.6],[94.25,27.64],[94.29,27.59],[94.48,27.58],[94.74,27.66],[94.86,27.74],[95.32,27.87],[95.38,27.84],[95.52,27.88],[95.61,27.96],[95.83,27.98],[95.98,27.97],[95.93,27.89],[95.82,27.81],[95.76,27.73],[95.8,27.61],[95.88,27.55],[95.85,27.43],[95.95,27.44],[96.02,27.37],[95.87,27.27],[95.86,27.29],[95.59,27.23],[95.53,27.27],[95.46,27.21],[95.46,27.14],[95.37,27.11],[95.25,27.03],[95.2,27.04],[95.23,26.92],[95.18,26.86],[95.24,26.79],[95.24,26.69]]]},"properties":{"NAME_1":"Arunachal Pradesh"}},{"type":"Feature","geometry":{"type":"MultiPolygon","coordinates":[[[[92.11,26.89],[92.06,26.85],[91.99,26.86],[91.9,26.92],[91.73,26.81],[91.62,26.82],[91.48,26.79],[91.41,26.84],[91.34,26.78],[91.26,26.81],[91.09,26.82],[91.05,26.78],[90.65,26.77],[90.56,26.8],[90.41,26.9],[90.31,26.85],[90.23,26.86],[90.19,26.77],[90.06,26.73],[89.89,26.72],[89.86,26.7],[89.88,26.61],[89.85,26.49],[89.87,26.45],[89.75,26.32],[89.76,26.29],[89.75,26.29],[89.72,26.3],[89.72,26.31],[89.72,26.3],[89.72,26.29],[89.73,26.27],[89.73,26.26],[89.72,26.26],[89.71,26.26],[89.7,26.26],[89.71,26.26],[89.72,26.26],[89.72,26.25],[89.73,26.24],[89.72,26.23],[89.71,26.23],[89.71,26.22],[89.7,26.22],[89.72,26.21],[89.72,26.22],[89.73,26.21],[89.71,26.21],[89.72,26.19],[89.71,26.19],[89.69,26.19],[89.7,26.18],[89.71,26.17],[89.72,26.18],[89.73,26.17],[89.72,26.17],[89.79,26.1],[89.84,25.98],[89.89,25.94],[89.81,25.82],[89.89,25.61],[89.87,25.54],[89.88,25.55],[89.92,25.56],[90,25.59],[90.01,25.59],[90,25.62],[89.98,25.64],[89.94,25.68],[89.93,25.69],[89.92,25.7],[89.91,25.71],[89.9,25.74],[89.92,25.74],[89.95,25.78],[89.95,25.81],[89.95,25.82],[89.97,25.83],[90,25.84],[90.01,25.85],[90.02,25.87],[90.01,25.87],[90.02,25.89],[90.03,25.89],[90.05,25.9],[90.06,25.91],[90.06,25.92],[90.07,25.92],[90.08,25.92],[90.09,25.93],[90.1,25.94],[90.32,25.97],[90.36,26.01],[90.48,26.02],[90.53,25.96],[90.53,25.9],[90.59,25.95],[90.63,25.92],[90.75,25.96],[90.78,25.91],[90.81,25.95],[90.96,25.93],[91.03,25.89],[91,25.82],[91.2,25.84],[91.18,25.78],[91.22,25.72],[91.28,25.75],[91.33,25.84],[91.48,25.86],[91.57,26.03],[91.63,26.02],[91.61,25.94],[91.67,25.91],[91.72,25.95],[91.73,26.06],[91.82,26.12],[91.88,26.1],[91.88,26.03],[91.93,26.01],[92.18,26.07],[92.3,26.08],[92.17,25.96],[92.16,25.92],[92.22,25.91],[92.15,25.81],[92.17,25.67],[92.22,25.71],[92.39,25.75],[92.44,25.72],[92.5,25.63],[92.56,25.61],[92.59,25.55],[92.65,25.59],[92.64,25.54],[92.58,25.5],[92.61,25.42],[92.65,25.44],[92.79,25.29],[92.8,25.22],[92.66,25.17],[92.62,25.12],[92.52,25.14],[92.46,25.04],[92.43,25.03],[92.44,24.97],[92.49,24.95],[92.49,24.87],[92.39,24.85],[92.3,24.92],[92.25,24.91],[92.3,24.74],[92.26,24.69],[92.23,24.5],[92.27,24.39],[92.21,24.25],[92.3,24.25],[92.31,24.25],[92.42,24.25],[92.43,24.17],[92.44,24.16],[92.44,24.15],[92.46,24.14],[92.47,24.14],[92.48,24.15],[92.48,24.16],[92.49,24.16],[92.5,24.16],[92.5,24.17],[92.51,24.16],[92.51,24.17],[92.55,24.25],[92.61,24.25],[92.63,24.33],[92.68,24.35],[92.77,24.52],[92.83,24.4],[93,24.4],[93.04,24.41],[93.06,24.57],[93.1,24.59],[93.09,24.71],[93.11,24.8],[93.19,24.81],[93.25,24.92],[93.25,25.02],[93.35,25.13],[93.4,25.26],[93.47,25.31],[93.46,25.44],[93.39,25.47],[93.33,25.55],[93.71,25.85],[93.69,25.91],[93.77,25.97],[93.8,25.81],[93.88,25.85],[93.98,25.93],[93.96,25.97],[94.01,26.19],[94.11,26.33],[94.16,26.34],[94.19,26.46],[94.28,26.56],[94.32,26.46],[94.4,26.53],[94.41,26.62],[94.52,26.7],[94.69,26.73],[94.8,26.81],[94.89,26.93],[94.99,26.92],[95.09,26.95],[95.2,27.04],[95.25,27.03],[95.37,27.11],[95.46,27.14],[95.46,27.21],[95.53,27.27],[95.59,27.23],[95.86,27.29],[95.87,27.27],[96.02,27.37],[95.95,27.44],[95.85,27.43],[95.88,27.55],[95.8,27.61],[95.76,27.73],[95.82,27.81],[95.93,27.89],[95.98,27.97],[95.83,27.98],[95.61,27.96],[95.52,27.88],[95.38,27.84],[95.32,27.87],[94.86,27.74],[94.74,27.66],[94.48,27.58],[94.29,27.59],[94.25,27.64],[94.21,27.6],[94.26,27.52],[94.16,27.48],[94.06,27.36],[94,27.33],[93.81,27.15],[93.84,27.08],[93.72,27.02],[93.68,26.97],[93.47,26.94],[93.35,26.96],[93.02,26.92],[92.87,27.01],[92.66,27.04],[92.59,26.96],[92.45,26.96],[92.19,26.89],[92.11,26.89]]],[[[89.87,25.54],[89.86,25.48],[89.87,25.48],[89.88,25.49],[89.87,25.51],[89.88,25.53],[89.87,25.54]]]]},"properties":{"NAME_1":"Assam"}},{"type":"Feature","geometry":{"type":"Polygon","coordinates":[[[88.11,26.54],[88.1,26.44],[88,26.37],[87.9,26.48],[87.85,26.44],[87.79,26.47],[87.77,26.41],[87.68,26.44],[87.59,26.38],[87.47,26.44],[87.39,26.42],[87.34,26.35],[87.27,26.41],[87.17,26.4],[87.09,26.45],[87.07,26.59],[87.02,26.53],[86.84,26.44],[86.75,26.43],[86.57,26.5],[86.54,26.54],[86.34,26.61],[86.19,26.61],[86.03,26.67],[85.86,26.57],[85.85,26.61],[85.73,26.67],[85.74,26.8],[85.63,26.87],[85.45,26.78],[85.41,26.79],[85.34,26.74],[85.2,26.77],[85.19,26.87],[85.02,26.86],[85.06,26.89],[84.97,26.92],[84.96,26.96],[84.8,27],[84.64,27.05],[84.68,27.1],[84.69,27.22],[84.62,27.34],[84.29,27.39],[84.26,27.45],[84.1,27.52],[84.05,27.44],[83.93,27.45],[83.87,27.43],[83.91,27.39],[83.86,27.35],[83.9,27.28],[83.9,27.25],[83.91,27.25],[83.95,27.24],[83.96,27.23],[83.96,27.22],[83.98,27.2],[83.99,27.18],[83.98,27.18],[83.97,27.17],[83.95,27.14],[83.95,27.13],[83.94,27.12],[83.94,27.1],[83.94,27.09],[83.95,27.09],[83.98,27.09],[84.01,27.1],[84.02,27.09],[84.02,27.08],[83.99,27.07],[84.02,27.04],[84.04,27.05],[84.04,27],[84.05,26.99],[84.04,26.98],[84.04,26.97],[84.05,26.96],[84.04,26.96],[84.04,26.95],[84.03,26.95],[84.02,26.94],[84.03,26.94],[84.05,26.93],[84.05,26.91],[84.04,26.91],[84.05,26.9],[84.06,26.89],[84.08,26.88],[84.09,26.88],[84.1,26.89],[84.13,26.89],[84.14,26.88],[84.14,26.87],[84.15,26.84],[84.17,26.83],[84.18,26.85],[84.21,26.87],[84.22,26.87],[84.24,26.86],[84.25,26.86],[84.25,26.84],[84.24,26.82],[84.25,26.82],[84.25,26.81],[84.25,26.79],[84.24,26.78],[84.22,26.76],[84.24,26.73],[84.25,26.73],[84.27,26.74],[84.28,26.75],[84.3,26.75],[84.31,26.74],[84.32,26.72],[84.32,26.69],[84.34,26.68],[84.35,26.68],[84.37,26.68],[84.41,26.63],[84.27,26.6],[84.08,26.64],[84.05,26.54],[83.9,26.52],[83.9,26.45],[84.01,26.45],[84.06,26.39],[84.17,26.37],[84.15,26.25],[84.01,26.24],[84,26.18],[84.05,26.1],[84.29,25.95],[84.35,25.96],[84.42,25.89],[84.53,25.88],[84.62,25.79],[84.63,25.73],[84.56,25.74],[84.55,25.68],[84.49,25.68],[84.39,25.74],[84.33,25.74],[84.32,25.67],[84.22,25.66],[84.15,25.73],[84.07,25.7],[84.08,25.64],[83.92,25.56],[83.78,25.4],[83.7,25.4],[83.64,25.34],[83.41,25.25],[83.35,25.2],[83.35,25.11],[83.32,25.04],[83.39,24.78],[83.51,24.68],[83.54,24.63],[83.5,24.53],[83.72,24.5],[83.93,24.55],[83.99,24.64],[84.05,24.61],[84.11,24.48],[84.2,24.56],[84.29,24.57],[84.32,24.49],[84.29,24.45],[84.49,24.29],[84.52,24.38],[84.66,24.39],[84.68,24.46],[84.83,24.51],[84.88,24.46],[84.9,24.37],[85.06,24.42],[85.09,24.38],[85.17,24.43],[85.16,24.47],[85.28,24.5],[85.28,24.53],[85.49,24.55],[85.53,24.53],[85.58,24.6],[85.67,24.6],[85.65,24.69],[85.7,24.73],[85.74,24.82],[85.88,24.8],[85.95,24.73],[86.05,24.78],[86.11,24.74],[86.13,24.61],[86.32,24.58],[86.28,24.46],[86.46,24.38],[86.52,24.54],[86.61,24.59],[86.67,24.56],[86.81,24.59],[86.88,24.57],[86.95,24.64],[87.04,24.62],[87.11,24.86],[87.15,24.86],[87.18,25.06],[87.29,25.09],[87.32,25.22],[87.47,25.19],[87.48,25.3],[87.54,25.28],[87.58,25.35],[87.68,25.31],[87.71,25.26],[87.79,25.22],[87.86,25.29],[87.78,25.34],[87.79,25.45],[87.96,25.54],[88.07,25.48],[88.07,25.49],[88.07,25.5],[88.07,25.51],[88.06,25.51],[88.06,25.53],[88.05,25.53],[88.04,25.53],[88.03,25.55],[88.03,25.56],[88.04,25.56],[88.03,25.57],[88.03,25.59],[88.04,25.6],[88.03,25.6],[88.04,25.61],[88.04,25.62],[88.04,25.63],[88.04,25.64],[88.05,25.64],[88.04,25.65],[88.05,25.68],[88.05,25.69],[87.9,25.77],[87.91,25.85],[87.82,25.87],[87.81,25.93],[87.83,25.93],[87.83,25.94],[87.82,25.95],[87.83,25.95],[87.83,25.96],[87.83,25.98],[87.83,25.99],[87.83,26],[87.84,26.03],[87.88,26.07],[87.89,26.07],[87.89,26.08],[87.9,26.08],[87.92,26.09],[87.92,26.08],[87.93,26.07],[87.96,26.08],[87.97,26.08],[87.97,26.09],[87.95,26.1],[87.97,26.11],[87.97,26.13],[87.97,26.14],[87.96,26.15],[87.98,26.16],[88,26.14],[88.01,26.14],[88.02,26.14],[88.01,26.15],[88.03,26.17],[88.04,26.18],[88.06,26.17],[88.07,26.18],[88.07,26.19],[88.09,26.19],[88.09,26.2],[88.09,26.21],[88.1,26.21],[88.11,26.22],[88.12,26.22],[88.12,26.23],[88.13,26.23],[88.14,26.24],[88.16,26.26],[88.18,26.26],[88.2,26.28],[88.21,26.28],[88.22,26.29],[88.23,26.3],[88.27,26.34],[88.27,26.33],[88.28,26.35],[88.29,26.35],[88.29,26.36],[88.28,26.36],[88.27,26.38],[88.25,26.37],[88.25,26.38],[88.23,26.38],[88.23,26.39],[88.25,26.43],[88.24,26.45],[88.18,26.49],[88.23,26.55],[88.13,26.51],[88.11,26.54]]]},"properties":{"NAME_1":"Bihar"}},{"type":"Feature","geometry":{"type":"Polygon","coordinates":[[[76.81,30.68],[76.82,30.7],[76.82,30.73],[76.83,30.76],[76.79,30.77],[76.8,30.78],[76.8,30.79],[76.78,30.77],[76.77,30.78],[76.78,30.78],[76.77,30.8],[76.75,30.8],[76.75,30.79],[76.74,30.79],[76.74,30.78],[76.73,30.78],[76.72,30.77],[76.69,30.76],[76.71,30.74],[76.72,30.71],[76.73,30.71],[76.72,30.7],[76.73,30.7],[76.74,30.69],[76.79,30.67],[76.81,30.68]]]},"properties":{"NAME_1":"Chandigarh"}},{"type":"Feature","geometry":{"type":"Polygon","coordinates":[[[81.38,17.81],[81.4,17.89],[81.44,17.88],[81.52,18.16],[81.53,18.26],[81.66,18.34],[81.74,18.35],[81.76,18.41],[81.9,18.56],[81.95,18.59],[81.96,18.68],[82.16,18.79],[82.17,18.9],[82.24,18.91],[82.2,19.12],[82.15,19.27],[82.18,19.33],[82.14,19.35],[82.18,19.41],[82.12,19.42],[82.09,19.51],[82.05,19.54],[82.04,19.7],[82.05,19.79],[81.98,19.8],[81.96,19.85],[81.86,19.9],[81.86,20.02],[81.94,20.1],[82.02,20.01],[82.06,20.05],[82.18,19.98],[82.26,19.97],[82.34,19.83],[82.44,19.9],[82.6,19.86],[82.58,19.78],[82.7,19.83],[82.71,19.98],[82.4,20.05],[82.38,20.14],[82.43,20.28],[82.39,20.34],[82.43,20.43],[82.32,20.55],[82.37,20.63],[82.34,20.7],[82.35,20.88],[82.42,20.83],[82.48,20.85],[82.48,20.9],[82.55,20.94],[82.62,21.04],[82.64,21.15],[82.79,21.14],[82.96,21.18],[83.04,21.12],[83.12,21.1],[83.19,21.14],[83.21,21.25],[83.27,21.27],[83.27,21.38],[83.37,21.34],[83.39,21.4],[83.34,21.49],[83.38,21.61],[83.48,21.74],[83.49,21.81],[83.54,21.79],[83.6,21.91],[83.54,21.96],[83.54,22.06],[83.65,22.22],[83.75,22.24],[83.86,22.34],[83.99,22.37],[84.04,22.46],[84,22.52],[84.01,22.57],[84.08,22.64],[84.15,22.63],[84.23,22.69],[84.23,22.74],[84.29,22.76],[84.33,22.86],[84.37,22.86],[84.37,22.98],[84.22,22.98],[84.18,23.02],[84.15,22.96],[84.13,23.09],[84.03,23.15],[84.06,23.21],[84.07,23.33],[84.05,23.37],[83.97,23.37],[83.97,23.46],[84.01,23.5],[84.01,23.63],[83.94,23.62],[83.94,23.56],[83.77,23.6],[83.71,23.68],[83.73,23.75],[83.65,23.85],[83.56,23.87],[83.51,24.03],[83.43,24.08],[83.32,24.1],[83.28,24.02],[83.22,23.99],[83.19,23.92],[83.13,23.89],[82.95,23.87],[82.81,23.96],[82.75,23.92],[82.65,23.91],[82.66,23.87],[82.54,23.79],[82.46,23.81],[82.23,23.81],[82.2,23.83],[82.05,23.82],[82,23.86],[81.92,23.87],[81.81,23.81],[81.7,23.86],[81.66,23.93],[81.6,23.89],[81.64,23.77],[81.69,23.72],[81.6,23.6],[81.57,23.59],[81.63,23.49],[81.73,23.57],[81.83,23.51],[81.92,23.53],[81.98,23.41],[82.09,23.4],[82.18,23.33],[82.14,23.23],[82.15,23.14],[82.12,23.1],[81.94,23.08],[81.94,22.96],[81.86,22.89],[81.77,22.87],[81.78,22.77],[81.72,22.68],[81.64,22.61],[81.61,22.54],[81.56,22.55],[81.44,22.49],[81.4,22.44],[81.38,22.51],[81.32,22.52],[81.22,22.45],[81.17,22.49],[81.11,22.44],[81.11,22.29],[81.02,22.23],[81.02,22.13],[80.98,22.05],[80.95,22.12],[80.88,22.06],[80.84,21.93],[80.81,21.75],[80.74,21.76],[80.71,21.67],[80.73,21.47],[80.66,21.33],[80.67,21.3],[80.56,21.21],[80.46,21.17],[80.42,21.01],[80.46,20.93],[80.54,20.93],[80.54,20.79],[80.58,20.68],[80.48,20.62],[80.52,20.58],[80.62,20.6],[80.59,20.39],[80.62,20.33],[80.51,20.27],[80.38,20.24],[80.39,20.14],[80.5,20.14],[80.54,20.11],[80.52,19.93],[80.44,19.95],[80.4,19.91],[80.5,19.87],[80.48,19.83],[80.67,19.69],[80.66,19.61],[80.72,19.61],[80.88,19.52],[80.89,19.47],[80.79,19.43],[80.84,19.36],[80.75,19.29],[80.66,19.33],[80.6,19.31],[80.57,19.4],[80.47,19.33],[80.39,19.24],[80.38,19.18],[80.27,18.99],[80.26,18.94],[80.35,18.81],[80.24,18.75],[80.27,18.72],[80.34,18.59],[80.49,18.63],[80.63,18.52],[80.69,18.44],[80.74,18.3],[80.79,18.25],[80.73,18.17],[80.8,18.17],[80.82,18.23],[80.86,18.13],[80.97,18.17],[80.94,18.08],[80.97,18.04],[81,17.84],[81.03,17.79],[81.16,17.85],[81.25,17.81],[81.38,17.81]]]},"properties":{"NAME_1":"Chhattisgarh"}},{"type":"Feature","geometry":{"type":"Polygon","coordinates":[[[72.99,20.29],[72.99,20.27],[72.98,20.27],[72.97,20.27],[72.95,20.29],[72.94,20.29],[72.92,20.28],[72.92,20.27],[72.94,20.24],[72.97,20.24],[72.97,20.21],[72.97,20.13],[72.99,20.11],[73,20.12],[73.01,20.13],[73.02,20.13],[73.05,20.07],[73.06,20.07],[73.06,20.1],[73.09,20.09],[73.11,20.09],[73.11,20.08],[73.12,20.08],[73.13,20.08],[73.14,20.09],[73.14,20.08],[73.17,20.07],[73.18,20.06],[73.18,20.05],[73.19,20.05],[73.21,20.09],[73.22,20.11],[73.21,20.12],[73.2,20.14],[73.2,20.15],[73.2,20.16],[73.23,20.18],[73.21,20.2],[73.2,20.2],[73.19,20.2],[73.18,20.21],[73.15,20.2],[73.15,20.21],[73.14,20.2],[73.15,20.19],[73.12,20.16],[73.11,20.16],[73.1,20.17],[73.09,20.17],[73.09,20.16],[73.08,20.16],[73.07,20.2],[73.08,20.23],[73.09,20.23],[73.1,20.23],[73.11,20.24],[73.14,20.26],[73.14,20.27],[73.15,20.28],[73.16,20.29],[73.17,20.28],[73.18,20.29],[73.18,20.31],[73.15,20.32],[73.14,20.31],[73.12,20.3],[73.12,20.33],[73.12,20.34],[73.11,20.35],[73.11,20.36],[73.1,20.36],[73.1,20.34],[73.09,20.33],[73.08,20.33],[73.07,20.33],[73.06,20.33],[73.04,20.29],[73.02,20.32],[72.99,20.29]]]},"properties":{"NAME_1":"Dadra and Nagar Haveli"}},{"type":"Feature","geometry":{"type":"MultiPolygon","coordinates":[[[[72.87,20.47],[72.84,20.45],[72.83,20.43],[72.82,20.37],[72.84,20.4],[72.87,20.39],[72.88,20.38],[72.87,20.39],[72.87,20.4],[72.87,20.41],[72.85,20.41],[72.84,20.42],[72.84,20.44],[72.85,20.45],[72.87,20.47]]],[[[70.95,20.73],[70.93,20.73],[70.9,20.73],[70.89,20.71],[70.96,20.73],[70.95,20.73]]],[[[70.77,20.96],[70.76,20.97],[70.74,20.99],[70.73,20.99],[70.73,20.96],[70.72,20.91],[70.69,20.88],[70.68,20.82],[70.68,20.8],[70.68,20.78],[70.68,20.77],[70.74,20.72],[70.83,20.71],[70.82,20.69],[70.87,20.72],[70.85,20.75],[70.9,20.89],[70.89,20.94],[70.88,20.96],[70.86,20.96],[70.85,20.96],[70.85,20.97],[70.82,20.96],[70.81,20.96],[70.79,20.96],[70.78,20.97],[70.77,20.96]]]]},"properties":{"NAME_1":"Daman and Diu"}},{"type":"Feature","geometry":{"type":"Polygon","coordinates":[[[77.19,28.8],[77.19,28.87],[77.18,28.86],[77.16,28.86],[77.15,28.85],[77.14,28.85],[77.13,28.87],[77.11,28.87],[77.1,28.87],[77.08,28.87],[77.05,28.87],[77.04,28.85],[76.98,28.84],[76.96,28.83],[76.95,28.82],[76.95,28.77],[76.94,28.76],[76.95,28.75],[76.94,28.72],[76.95,28.69],[76.95,28.68],[76.94,28.68],[76.92,28.65],[76.91,28.64],[76.89,28.63],[76.88,28.64],[76.85,28.59],[76.84,28.59],[76.83,28.58],[76.86,28.54],[76.88,28.52],[76.88,28.51],[76.89,28.52],[76.91,28.51],[76.93,28.52],[76.98,28.52],[77.01,28.51],[77,28.54],[77.02,28.53],[77.07,28.52],[77.09,28.51],[77.11,28.49],[77.1,28.48],[77.11,28.45],[77.13,28.44],[77.15,28.43],[77.17,28.41],[77.2,28.41],[77.22,28.42],[77.24,28.43],[77.24,28.45],[77.23,28.46],[77.23,28.48],[77.25,28.49],[77.28,28.5],[77.3,28.49],[77.31,28.49],[77.33,28.51],[77.34,28.52],[77.33,28.52],[77.31,28.54],[77.3,28.55],[77.29,28.58],[77.31,28.6],[77.33,28.6],[77.32,28.67],[77.32,28.71],[77.32,28.72],[77.3,28.71],[77.29,28.71],[77.28,28.72],[77.27,28.74],[77.26,28.74],[77.25,28.75],[77.25,28.76],[77.23,28.77],[77.22,28.78],[77.22,28.79],[77.21,28.79],[77.2,28.8],[77.19,28.8]]]},"properties":{"NAME_1":"Delhi"}},{"type":"Feature","geometry":{"type":"Polygon","coordinates":[[[74.13,15.65],[74.03,15.6],[73.98,15.63],[73.95,15.74],[73.88,15.75],[73.72,15.72],[73.71,15.72],[73.69,15.73],[73.68,15.72],[73.77,15.49],[73.88,15.43],[73.88,15.4],[73.78,15.41],[73.9,15.32],[73.95,15.14],[73.91,15.09],[73.98,15.05],[74.1,14.9],[74.13,14.92],[74.15,14.92],[74.18,14.91],[74.18,14.92],[74.17,14.94],[74.17,14.95],[74.2,14.94],[74.2,14.93],[74.22,14.93],[74.24,14.96],[74.25,14.96],[74.26,14.96],[74.27,14.97],[74.27,14.98],[74.27,15],[74.28,15.02],[74.29,15.02],[74.29,15.03],[74.29,15.14],[74.32,15.18],[74.26,15.24],[74.33,15.28],[74.33,15.37],[74.29,15.38],[74.26,15.49],[74.26,15.65],[74.13,15.65]]]},"properties":{"NAME_1":"Goa"}},{"type":"Feature","geometry":{"type":"MultiPolygon","coordinates":[[[[73.21,20.12],[73.22,20.12],[73.29,20.15],[73.29,20.2],[73.43,20.2],[73.41,20.38],[73.48,20.5],[73.48,20.58],[73.4,20.65],[73.48,20.72],[73.5,20.65],[73.54,20.67],[73.62,20.63],[73.64,20.58],[73.75,20.57],[73.85,20.62],[73.84,20.68],[73.92,20.72],[73.95,20.84],[73.9,20.93],[73.91,20.98],[73.82,21],[73.75,21.04],[73.74,21.1],[73.63,21.12],[73.67,21.15],[73.82,21.17],[73.83,21.27],[73.95,21.3],[73.96,21.39],[74.08,21.46],[74.22,21.46],[74.31,21.48],[74.31,21.57],[74.2,21.53],[74.19,21.56],[74.07,21.56],[73.86,21.5],[73.82,21.6],[73.79,21.63],[73.89,21.65],[73.89,21.71],[73.81,21.82],[73.88,21.84],[74.05,21.92],[74.15,21.95],[74.1,22.02],[74.18,22.09],[74.13,22.1],[74.12,22.21],[74.08,22.22],[74.07,22.36],[74.19,22.32],[74.27,22.4],[74.14,22.45],[74.11,22.43],[74.07,22.55],[74.13,22.52],[74.21,22.57],[74.28,22.65],[74.38,22.64],[74.4,22.73],[74.46,22.82],[74.46,22.91],[74.38,22.91],[74.32,23.06],[74.25,23.19],[74.18,23.15],[74.13,23.18],[74.14,23.26],[74.04,23.3],[73.96,23.38],[73.89,23.35],[73.83,23.45],[73.63,23.45],[73.66,23.62],[73.57,23.65],[73.53,23.61],[73.5,23.71],[73.4,23.78],[73.36,23.85],[73.42,23.92],[73.41,24.05],[73.34,24.12],[73.33,24.06],[73.25,24.01],[73.2,24.05],[73.22,24.1],[73.15,24.12],[73.08,24.18],[73.18,24.35],[73.08,24.39],[73.09,24.49],[72.98,24.45],[72.98,24.36],[72.92,24.33],[72.87,24.37],[72.73,24.36],[72.69,24.46],[72.54,24.5],[72.46,24.41],[72.45,24.49],[72.39,24.5],[72.36,24.55],[72.3,24.54],[72.25,24.58],[72.32,24.61],[72.23,24.63],[72.19,24.61],[72.08,24.65],[72.05,24.71],[71.93,24.63],[71.87,24.67],[71.86,24.6],[71.8,24.67],[71.66,24.63],[71.62,24.67],[71.49,24.67],[71.38,24.62],[71.36,24.65],[71.3,24.61],[71.26,24.62],[71.24,24.63],[71.21,24.64],[71.17,24.65],[71.11,24.68],[71,24.6],[71.01,24.44],[71.13,24.41],[71.05,24.35],[71,24.36],[70.89,24.29],[70.89,24.26],[70.81,24.22],[70.59,24.24],[70.57,24.42],[70.37,24.35],[70.11,24.28],[70.02,24.17],[69.72,24.18],[69.6,24.28],[69.5,24.26],[69.31,24.28],[69.2,24.24],[69.09,24.27],[69.01,24.23],[68.95,24.28],[68.9,24.2],[68.85,24.21],[68.83,24.31],[68.76,24.28],[68.75,23.96],[68.55,23.96],[68.62,23.91],[68.52,23.82],[68.54,23.76],[68.59,23.84],[68.67,23.86],[68.74,23.84],[68.66,23.8],[68.49,23.64],[68.5,23.52],[68.56,23.39],[68.64,23.35],[68.64,23.24],[68.59,23.21],[68.65,23.15],[68.97,22.96],[69.2,22.84],[69.32,22.83],[69.45,22.78],[69.55,22.79],[69.72,22.75],[69.75,22.82],[69.94,22.89],[70.11,22.91],[70.24,22.98],[70.35,22.93],[70.4,23.03],[70.49,23.08],[70.41,22.92],[70.39,22.91],[70.3,22.75],[70.17,22.56],[70.04,22.56],[69.95,22.53],[69.91,22.47],[69.83,22.45],[69.81,22.4],[69.73,22.47],[69.61,22.34],[69.52,22.43],[69.49,22.34],[69.33,22.3],[69.22,22.26],[69.16,22.32],[69.2,22.4],[69.08,22.39],[69.04,22.43],[68.98,22.41],[68.94,22.31],[68.98,22.21],[69.28,21.89],[69.6,21.64],[69.71,21.54],[69.72,21.57],[69.66,21.62],[69.74,21.64],[69.76,21.58],[69.71,21.53],[70.06,21.14],[70.23,21],[70.42,20.86],[70.61,20.77],[70.68,20.77],[70.68,20.78],[70.68,20.8],[70.68,20.82],[70.69,20.88],[70.72,20.91],[70.73,20.96],[70.73,20.99],[70.74,20.99],[70.76,20.97],[70.77,20.96],[70.78,20.97],[70.79,20.96],[70.81,20.96],[70.82,20.96],[70.85,20.97],[70.85,20.96],[70.86,20.96],[70.88,20.96],[70.89,20.94],[70.9,20.89],[70.85,20.75],[70.86,20.76],[70.87,20.71],[70.89,20.71],[70.9,20.73],[70.93,20.73],[70.95,20.73],[70.96,20.73],[71.15,20.76],[71.32,20.85],[71.44,20.87],[71.51,20.94],[71.64,20.97],[71.9,21.11],[71.98,21.12],[72.12,21.2],[72.09,21.23],[72.13,21.34],[72.24,21.46],[72.31,21.63],[72.26,21.74],[72.26,21.89],[72.22,21.95],[72.24,22.06],[72.28,21.93],[72.32,22.12],[72.36,22.21],[72.42,22.23],[72.44,22.3],[72.47,22.2],[72.64,22.28],[72.69,22.24],[72.76,22.23],[72.85,22.28],[72.76,22.17],[72.61,22.22],[72.55,22.15],[72.5,21.96],[72.52,21.86],[72.57,21.82],[72.52,21.71],[72.55,21.66],[72.74,21.69],[72.79,21.65],[72.7,21.65],[72.63,21.62],[72.6,21.54],[72.63,21.5],[72.68,21.54],[72.59,21.31],[72.62,21.22],[72.62,21.09],[72.67,21.15],[72.72,21.14],[72.71,21.07],[72.79,20.9],[72.9,20.59],[72.87,20.47],[72.85,20.45],[72.84,20.44],[72.84,20.42],[72.85,20.41],[72.87,20.41],[72.87,20.4],[72.87,20.39],[72.88,20.38],[72.87,20.39],[72.84,20.4],[72.82,20.37],[72.78,20.33],[72.74,20.24],[72.74,20.14],[72.8,20.13],[72.88,20.23],[72.97,20.21],[72.97,20.24],[72.94,20.24],[72.92,20.27],[72.92,20.28],[72.94,20.29],[72.95,20.29],[72.97,20.27],[72.98,20.27],[72.99,20.27],[72.99,20.29],[73.02,20.32],[73.04,20.29],[73.06,20.33],[73.07,20.33],[73.08,20.33],[73.09,20.33],[73.1,20.34],[73.1,20.36],[73.11,20.36],[73.11,20.35],[73.12,20.34],[73.12,20.33],[73.12,20.3],[73.14,20.31],[73.15,20.32],[73.18,20.31],[73.18,20.29],[73.17,20.28],[73.16,20.29],[73.15,20.28],[73.14,20.27],[73.14,20.26],[73.11,20.24],[73.1,20.23],[73.09,20.23],[73.08,20.23],[73.07,20.2],[73.08,20.16],[73.09,20.16],[73.09,20.17],[73.1,20.17],[73.11,20.16],[73.12,20.16],[73.15,20.19],[73.14,20.2],[73.15,20.21],[73.15,20.2],[73.18,20.21],[73.19,20.2],[73.2,20.2],[73.21,20.2],[73.23,20.18],[73.2,20.16],[73.2,20.15],[73.2,20.14],[73.21,20.12]]],[[[68.56,23.31],[68.54,23.27],[68.61,23.27],[68.56,23.31]]],[[[68.36,23.81],[68.34,23.73],[68.27,23.65],[68.2,23.65],[68.2,23.6],[68.33,23.59],[68.39,23.66],[68.43,23.8],[68.4,23.78],[68.36,23.81]]],[[[68.31,23.82],[68.27,23.79],[68.27,23.7],[68.32,23.73],[68.31,23.82]]],[[[68.5,23.83],[68.45,23.81],[68.44,23.74],[68.52,23.75],[68.5,23.83]]],[[[68.4,23.88],[68.33,23.8],[68.37,23.81],[68.39,23.79],[68.44,23.84],[68.4,23.88]]],[[[68.45,23.94],[68.39,23.91],[68.36,23.9],[68.35,23.85],[68.39,23.88],[68.45,23.88],[68.45,23.94]]],[[[68.54,23.95],[68.53,23.92],[68.49,23.89],[68.52,23.86],[68.59,23.92],[68.54,23.95]]],[[[68.48,23.99],[68.47,23.86],[68.48,23.89],[68.52,23.92],[68.48,23.99]]],[[[68.43,24],[68.29,23.92],[68.19,23.73],[68.24,23.68],[68.27,23.8],[68.31,23.83],[68.34,23.82],[68.35,23.91],[68.4,23.92],[68.43,23.96],[68.43,24]]]]},"properties":{"NAME_1":"Gujarat"}},{"type":"Feature","geometry":{"type":"Polygon","coordinates":[[[76.82,30.7],[76.82,30.69],[76.91,30.6],[76.89,30.44],[76.93,30.4],[76.88,30.36],[76.83,30.43],[76.76,30.44],[76.7,30.39],[76.74,30.36],[76.61,30.28],[76.55,30.26],[76.64,30.21],[76.63,30.11],[76.5,30.08],[76.45,30.1],[76.42,30.2],[76.39,30.13],[76.25,30.11],[76.19,30],[76.18,29.89],[76.24,29.87],[76.04,29.75],[75.93,29.73],[75.86,29.75],[75.82,29.82],[75.71,29.81],[75.7,29.76],[75.63,29.77],[75.56,29.74],[75.44,29.81],[75.32,29.67],[75.29,29.56],[75.22,29.55],[75.17,29.63],[75.23,29.75],[75.2,29.83],[75.14,29.78],[75.08,29.85],[75.1,29.9],[74.99,29.86],[74.92,29.95],[74.8,29.99],[74.7,29.97],[74.64,29.9],[74.52,29.94],[74.55,29.87],[74.47,29.79],[74.47,29.74],[74.61,29.75],[74.57,29.56],[74.61,29.53],[74.57,29.41],[74.6,29.33],[74.65,29.37],[74.78,29.36],[74.85,29.4],[74.93,29.36],[74.95,29.28],[75.04,29.29],[75.11,29.23],[75.18,29.27],[75.22,29.23],[75.32,29.29],[75.31,29.24],[75.4,29.26],[75.38,29.07],[75.43,29.02],[75.51,29.01],[75.47,28.94],[75.51,28.84],[75.56,28.61],[75.61,28.61],[75.63,28.55],[75.78,28.46],[75.77,28.42],[75.92,28.37],[76.09,28.16],[76.03,28.17],[75.94,28.09],[76.02,28.09],[75.99,27.98],[75.93,27.92],[75.96,27.86],[76.09,27.87],[76.17,27.81],[76.21,27.85],[76.15,27.99],[76.18,28.06],[76.25,28.07],[76.34,28.03],[76.32,28.09],[76.36,28.14],[76.47,28.15],[76.45,28.09],[76.54,28.04],[76.55,27.97],[76.66,28.02],[76.65,28.09],[76.79,28.16],[76.81,28.22],[76.86,28.22],[76.96,28.14],[76.92,28],[76.93,27.83],[76.88,27.72],[76.97,27.66],[76.99,27.74],[77.05,27.73],[77.04,27.82],[77.13,27.78],[77.19,27.82],[77.28,27.81],[77.34,27.86],[77.47,27.89],[77.54,27.99],[77.48,28.04],[77.54,28.25],[77.47,28.27],[77.49,28.36],[77.34,28.51],[77.33,28.51],[77.31,28.49],[77.3,28.49],[77.28,28.5],[77.25,28.49],[77.23,28.48],[77.23,28.46],[77.24,28.45],[77.24,28.43],[77.22,28.42],[77.2,28.41],[77.17,28.41],[77.15,28.43],[77.13,28.44],[77.11,28.45],[77.1,28.48],[77.11,28.49],[77.09,28.51],[77.07,28.52],[77.02,28.53],[77,28.54],[77.01,28.51],[76.98,28.52],[76.93,28.52],[76.91,28.51],[76.89,28.52],[76.88,28.51],[76.88,28.52],[76.86,28.54],[76.83,28.58],[76.84,28.59],[76.85,28.59],[76.88,28.64],[76.89,28.63],[76.91,28.64],[76.92,28.65],[76.94,28.68],[76.95,28.68],[76.95,28.69],[76.94,28.72],[76.95,28.75],[76.94,28.76],[76.95,28.77],[76.95,28.82],[76.96,28.83],[76.98,28.84],[77.04,28.85],[77.05,28.87],[77.08,28.87],[77.1,28.87],[77.11,28.87],[77.13,28.87],[77.14,28.85],[77.15,28.85],[77.16,28.86],[77.18,28.86],[77.19,28.87],[77.22,28.91],[77.21,29.01],[77.12,29.1],[77.13,29.27],[77.15,29.32],[77.12,29.38],[77.12,29.49],[77.09,29.6],[77.14,29.7],[77.11,29.75],[77.15,29.79],[77.18,29.9],[77.29,30.06],[77.41,30.11],[77.57,30.31],[77.57,30.38],[77.51,30.45],[77.42,30.41],[77.35,30.46],[77.2,30.48],[77.11,30.57],[77.16,30.6],[77.15,30.69],[77.1,30.73],[77.01,30.74],[76.9,30.9],[76.85,30.87],[76.81,30.93],[76.77,30.91],[76.83,30.83],[76.83,30.76],[76.82,30.73],[76.82,30.7]]]},"properties":{"NAME_1":"Haryana"}},{"type":"Feature","geometry":{"type":"Polygon","coordinates":[[[77.57,30.38],[77.56,30.4],[77.8,30.51],[77.81,30.56],[77.73,30.61],[77.77,30.63],[77.69,30.75],[77.79,30.86],[77.79,30.93],[77.74,30.96],[77.82,31.01],[77.8,31.06],[77.89,31.15],[78.02,31.16],[78.15,31.23],[78.23,31.24],[78.3,31.29],[78.38,31.28],[78.47,31.2],[78.6,31.24],[78.66,31.2],[78.8,31.21],[78.88,31.1],[79,31.12],[78.91,31.26],[78.78,31.4],[78.8,31.45],[78.72,31.49],[78.72,31.54],[78.83,31.63],[78.73,31.69],[78.69,31.81],[78.77,32],[78.74,32],[78.57,32.16],[78.6,32.22],[78.54,32.25],[78.44,32.25],[78.46,32.34],[78.52,32.42],[78.44,32.46],[78.41,32.51],[78.31,32.48],[78.3,32.58],[78.39,32.62],[78.37,32.76],[78.18,32.66],[78.09,32.66],[77.98,32.59],[77.9,32.69],[77.92,32.77],[77.76,32.86],[77.79,32.91],[77.71,32.97],[77.59,32.94],[77.46,32.86],[77.38,32.88],[77.36,32.83],[77.16,32.91],[77.14,32.98],[77,32.99],[76.92,33.03],[76.87,33.12],[76.8,33.16],[76.83,33.24],[76.76,33.25],[76.73,33.18],[76.63,33.16],[76.58,33.21],[76.38,33.18],[76.28,33.1],[76.24,33.03],[76.09,33],[76.02,32.92],[75.93,32.88],[75.87,32.93],[75.79,32.89],[75.91,32.76],[75.92,32.64],[75.87,32.58],[75.86,32.5],[75.93,32.41],[75.84,32.38],[75.74,32.27],[75.62,32.23],[75.66,32.15],[75.58,32.08],[75.65,32.08],[75.8,31.99],[75.89,31.95],[75.97,31.81],[75.92,31.82],[76,31.65],[76.16,31.4],[76.17,31.31],[76.3,31.33],[76.32,31.4],[76.36,31.42],[76.45,31.31],[76.58,31.23],[76.62,31.12],[76.61,31],[76.71,30.96],[76.77,30.91],[76.81,30.93],[76.85,30.87],[76.9,30.9],[77.01,30.74],[77.1,30.73],[77.15,30.69],[77.16,30.6],[77.11,30.57],[77.2,30.48],[77.35,30.46],[77.42,30.41],[77.51,30.45],[77.57,30.38]]]},"properties":{"NAME_1":"Himachal Pradesh"}},{"type":"Feature","geometry":{"type":"Polygon","coordinates":[[[78.41,32.51],[78.41,32.56],[78.53,32.61],[78.63,32.61],[78.65,32.65],[78.76,32.68],[78.78,32.48],[78.97,32.34],[79.1,32.37],[79.12,32.45],[79.2,32.51],[79.3,32.49],[79.46,32.59],[79.55,32.61],[79.54,32.75],[79.46,32.82],[79.46,32.87],[79.37,32.96],[79.37,33.06],[79.41,33.14],[79.4,33.19],[79.14,33.2],[79.07,33.23],[79.07,33.3],[78.82,33.48],[78.71,33.68],[78.78,33.75],[78.78,33.8],[78.72,33.89],[78.72,33.96],[78.76,34],[78.71,34.05],[78.73,34.1],[78.87,34.16],[78.96,34.22],[78.99,34.32],[78.66,34.53],[78.57,34.61],[78.42,34.61],[78.39,34.65],[78.28,34.67],[78.21,34.77],[78.18,34.88],[78.08,35.08],[78.12,35.14],[78.06,35.18],[78,35.29],[77.99,35.38],[78.11,35.47],[77.99,35.49],[77.89,35.43],[77.85,35.5],[77.65,35.37],[77.16,35.05],[77.01,35.04],[77.01,34.96],[76.86,34.97],[76.74,34.9],[76.74,34.84],[76.67,34.76],[76.56,34.76],[76.47,34.79],[76.39,34.74],[76.32,34.73],[76.16,34.64],[76.04,34.67],[75.75,34.52],[75.59,34.54],[75.39,34.55],[75.26,34.61],[75.27,34.64],[75.14,34.66],[75.02,34.64],[74.89,34.68],[74.67,34.7],[74.58,34.77],[74.38,34.8],[74.3,34.8],[74.15,34.7],[73.96,34.7],[73.93,34.65],[73.95,34.57],[73.9,34.5],[73.78,34.42],[73.76,34.36],[73.9,34.36],[73.98,34.26],[73.98,34.21],[73.9,34.12],[73.9,34.03],[74.11,34.05],[74.25,34.01],[74.26,33.92],[74.17,33.84],[74.05,33.81],[73.97,33.74],[74.03,33.57],[74.09,33.57],[74.18,33.48],[74.19,33.38],[74.1,33.27],[74.02,33.26],[74.01,33.2],[74.08,33.18],[74.18,33.11],[74.21,33.04],[74.34,33.03],[74.32,32.92],[74.41,32.9],[74.47,32.78],[74.53,32.74],[74.61,32.76],[74.64,32.82],[74.7,32.83],[74.65,32.72],[74.68,32.67],[74.64,32.61],[74.7,32.48],[74.86,32.49],[74.99,32.45],[75.08,32.48],[75.32,32.34],[75.47,32.34],[75.49,32.28],[75.52,32.34],[75.71,32.42],[75.8,32.49],[75.87,32.58],[75.92,32.64],[75.91,32.76],[75.79,32.89],[75.87,32.93],[75.93,32.88],[76.02,32.92],[76.09,33],[76.24,33.03],[76.28,33.1],[76.38,33.18],[76.58,33.21],[76.63,33.16],[76.73,33.18],[76.76,33.25],[76.83,33.24],[76.8,33.16],[76.87,33.12],[76.92,33.03],[77,32.99],[77.14,32.98],[77.16,32.91],[77.36,32.83],[77.38,32.88],[77.46,32.86],[77.59,32.94],[77.71,32.97],[77.79,32.91],[77.76,32.86],[77.92,32.77],[77.9,32.69],[77.98,32.59],[78.09,32.66],[78.18,32.66],[78.37,32.76],[78.39,32.62],[78.3,32.58],[78.31,32.48],[78.41,32.51]]]},"properties":{"NAME_1":"Jammu and Kashmir"}},{"type":"Feature","geometry":{"type":"Polygon","coordinates":[[[83.5,24.53],[83.39,24.5],[83.38,24.46],[83.44,24.37],[83.38,24.31],[83.4,24.27],[83.32,24.1],[83.43,24.08],[83.51,24.03],[83.56,23.87],[83.65,23.85],[83.73,23.75],[83.71,23.68],[83.77,23.6],[83.94,23.56],[83.94,23.62],[84.01,23.63],[84.01,23.5],[83.97,23.46],[83.97,23.37],[84.05,23.37],[84.07,23.33],[84.06,23.21],[84.03,23.15],[84.13,23.09],[84.15,22.96],[84.18,23.02],[84.22,22.98],[84.37,22.98],[84.37,22.86],[84.33,22.86],[84.29,22.76],[84.23,22.74],[84.23,22.69],[84.15,22.63],[84.08,22.64],[84.01,22.57],[84,22.52],[84.14,22.47],[84.14,22.42],[84.29,22.34],[84.43,22.35],[84.5,22.42],[84.63,22.43],[84.74,22.41],[84.75,22.44],[84.91,22.42],[85.05,22.48],[85.09,22.32],[85.02,22.11],[85.18,22.06],[85.23,22],[85.27,22.08],[85.36,22.15],[85.41,22.16],[85.68,22.05],[85.8,22.11],[85.76,22.01],[85.78,21.98],[85.89,21.98],[85.94,22.02],[86.03,22.19],[85.97,22.24],[86.02,22.3],[86.01,22.42],[85.95,22.46],[86.04,22.56],[86.1,22.49],[86.2,22.47],[86.29,22.43],[86.35,22.35],[86.42,22.31],[86.48,22.34],[86.53,22.3],[86.72,22.22],[86.8,22.21],[86.81,22.26],[86.89,22.25],[86.83,22.32],[86.84,22.4],[86.76,22.42],[86.79,22.47],[86.76,22.57],[86.65,22.58],[86.64,22.66],[86.54,22.72],[86.51,22.7],[86.42,22.78],[86.46,22.9],[86.43,22.92],[86.54,22.96],[86.5,22.99],[86.21,22.99],[86.14,23.08],[86.04,23.14],[85.91,23.13],[85.84,23.19],[85.83,23.26],[85.86,23.3],[85.87,23.48],[85.94,23.46],[86.05,23.5],[86.04,23.58],[86.15,23.57],[86.14,23.48],[86.22,23.44],[86.35,23.46],[86.36,23.54],[86.44,23.63],[86.53,23.63],[86.71,23.7],[86.79,23.69],[86.82,23.81],[86.9,23.88],[87.15,23.79],[87.14,23.87],[87.24,23.85],[87.29,23.89],[87.29,23.96],[87.23,24.02],[87.33,24.03],[87.44,23.98],[87.5,24.02],[87.49,24.12],[87.54,24.09],[87.69,24.15],[87.65,24.25],[87.76,24.3],[87.81,24.41],[87.8,24.56],[87.91,24.58],[87.9,24.72],[87.85,24.76],[87.91,24.86],[87.97,24.88],[87.96,24.94],[87.86,25.04],[87.77,25.1],[87.79,25.22],[87.71,25.26],[87.68,25.31],[87.58,25.35],[87.54,25.28],[87.48,25.3],[87.47,25.19],[87.32,25.22],[87.29,25.09],[87.18,25.06],[87.15,24.86],[87.11,24.86],[87.04,24.62],[86.95,24.64],[86.88,24.57],[86.81,24.59],[86.67,24.56],[86.61,24.59],[86.52,24.54],[86.46,24.38],[86.28,24.46],[86.32,24.58],[86.13,24.61],[86.11,24.74],[86.05,24.78],[85.95,24.73],[85.88,24.8],[85.74,24.82],[85.7,24.73],[85.65,24.69],[85.67,24.6],[85.58,24.6],[85.53,24.53],[85.49,24.55],[85.28,24.53],[85.28,24.5],[85.16,24.47],[85.17,24.43],[85.09,24.38],[85.06,24.42],[84.9,24.37],[84.88,24.46],[84.83,24.51],[84.68,24.46],[84.66,24.39],[84.52,24.38],[84.49,24.29],[84.29,24.45],[84.32,24.49],[84.29,24.57],[84.2,24.56],[84.11,24.48],[84.05,24.61],[83.99,24.64],[83.93,24.55],[83.72,24.5],[83.5,24.53]]]},"properties":{"NAME_1":"Jharkhand"}},{"type":"Feature","geometry":{"type":"Polygon","coordinates":[[[77.55,18.29],[77.47,18.26],[77.44,18.31],[77.36,18.32],[77.4,18.4],[77.37,18.45],[77.24,18.41],[77.21,18.28],[77.1,18.2],[77.11,18.15],[76.95,18.18],[76.92,18.12],[76.97,18.1],[76.92,18.03],[76.92,17.92],[76.8,17.87],[76.74,17.9],[76.79,17.83],[76.72,17.79],[76.69,17.68],[76.6,17.76],[76.49,17.71],[76.49,17.66],[76.42,17.6],[76.33,17.59],[76.37,17.52],[76.33,17.43],[76.41,17.37],[76.38,17.31],[76.34,17.35],[76.28,17.33],[76.23,17.36],[76.12,17.37],[75.93,17.32],[75.89,17.41],[75.82,17.42],[75.81,17.37],[75.74,17.42],[75.69,17.41],[75.64,17.48],[75.62,17.39],[75.58,17.38],[75.61,17.3],[75.66,17.27],[75.63,17.19],[75.68,17.07],[75.68,16.96],[75.49,16.94],[75.47,16.99],[75.28,16.95],[75.28,16.87],[75.23,16.84],[75.14,16.87],[75.09,16.95],[74.94,16.94],[74.97,16.91],[74.91,16.86],[74.92,16.77],[74.85,16.77],[74.7,16.72],[74.66,16.64],[74.69,16.6],[74.56,16.56],[74.55,16.63],[74.5,16.63],[74.25,16.49],[74.34,16.45],[74.35,16.29],[74.51,16.22],[74.49,16.09],[74.43,16.11],[74.39,16.04],[74.47,16.05],[74.39,15.9],[74.35,15.76],[74.25,15.74],[74.24,15.78],[74.13,15.72],[74.13,15.65],[74.26,15.65],[74.26,15.49],[74.29,15.38],[74.33,15.37],[74.33,15.28],[74.26,15.24],[74.32,15.18],[74.29,15.14],[74.29,15.03],[74.29,15.02],[74.28,15.02],[74.27,15],[74.27,14.98],[74.27,14.97],[74.26,14.96],[74.25,14.96],[74.24,14.96],[74.22,14.93],[74.2,14.93],[74.2,14.94],[74.17,14.95],[74.17,14.94],[74.18,14.92],[74.18,14.91],[74.15,14.92],[74.13,14.92],[74.1,14.9],[74.09,14.81],[74.19,14.73],[74.24,14.75],[74.28,14.68],[74.27,14.63],[74.31,14.52],[74.36,14.5],[74.41,14.32],[74.47,14.18],[74.51,13.99],[74.57,13.95],[74.61,13.87],[74.68,13.59],[74.7,13.4],[74.82,12.85],[74.87,12.75],[74.99,12.79],[74.98,12.73],[75.16,12.66],[75.22,12.56],[75.27,12.61],[75.33,12.59],[75.27,12.55],[75.32,12.49],[75.34,12.49],[75.34,12.46],[75.37,12.48],[75.38,12.49],[75.39,12.49],[75.4,12.5],[75.4,12.49],[75.41,12.5],[75.42,12.47],[75.41,12.45],[75.4,12.45],[75.39,12.45],[75.37,12.45],[75.39,12.38],[75.4,12.38],[75.4,12.37],[75.42,12.37],[75.42,12.36],[75.41,12.34],[75.42,12.31],[75.43,12.3],[75.42,12.29],[75.43,12.29],[75.44,12.29],[75.47,12.3],[75.49,12.27],[75.5,12.26],[75.51,12.25],[75.52,12.24],[75.52,12.23],[75.53,12.22],[75.54,12.21],[75.53,12.2],[75.54,12.19],[75.55,12.18],[75.56,12.17],[75.58,12.15],[75.59,12.14],[75.59,12.15],[75.61,12.15],[75.63,12.15],[75.63,12.14],[75.64,12.14],[75.64,12.13],[75.66,12.09],[75.67,12.09],[75.69,12.1],[75.7,12.09],[75.71,12.08],[75.71,12.07],[75.72,12.06],[75.8,12.07],[75.82,11.98],[75.88,11.94],[76,11.92],[76.11,11.97],[76.11,11.85],[76.18,11.86],[76.22,11.8],[76.27,11.8],[76.33,11.73],[76.41,11.75],[76.42,11.66],[76.5,11.7],[76.55,11.61],[76.61,11.6],[76.85,11.6],[76.83,11.65],[76.9,11.78],[76.97,11.8],[77.1,11.76],[77.28,11.8],[77.33,11.76],[77.42,11.75],[77.48,11.93],[77.57,11.92],[77.66,11.95],[77.77,12.11],[77.73,12.17],[77.6,12.2],[77.47,12.2],[77.47,12.26],[77.54,12.28],[77.6,12.35],[77.63,12.48],[77.58,12.47],[77.59,12.66],[77.73,12.66],[77.83,12.86],[77.92,12.88],[78,12.8],[78.01,12.85],[78.12,12.77],[78.22,12.75],[78.24,12.85],[78.3,12.85],[78.35,12.93],[78.42,12.89],[78.45,13.03],[78.5,13.05],[78.51,13.12],[78.57,13.16],[78.58,13.26],[78.52,13.26],[78.36,13.36],[78.37,13.39],[78.38,13.58],[78.18,13.56],[78.16,13.65],[78.09,13.63],[78.06,13.69],[78.12,13.78],[78.11,13.85],[78.04,13.89],[77.97,13.82],[77.96,13.95],[77.92,13.9],[77.89,13.93],[77.81,13.92],[77.83,13.86],[77.78,13.81],[77.67,13.78],[77.52,13.69],[77.44,13.7],[77.46,13.74],[77.42,13.84],[77.31,13.86],[77.25,13.84],[77.24,13.89],[77.16,13.86],[77.17,13.75],[76.99,13.74],[76.97,13.81],[77.04,13.93],[76.93,14.02],[76.97,14.05],[76.89,14.16],[77.02,14.17],[77.02,14.05],[77.12,14.04],[77.13,14],[77.31,14.02],[77.35,13.98],[77.35,13.9],[77.43,13.91],[77.42,13.98],[77.33,14.02],[77.39,14.12],[77.39,14.17],[77.51,14.17],[77.48,14.28],[77.39,14.33],[77.36,14.27],[77.28,14.28],[77.28,14.33],[77.2,14.31],[77.15,14.34],[77.11,14.22],[76.94,14.24],[76.94,14.31],[76.9,14.32],[76.88,14.39],[76.94,14.4],[76.97,14.48],[76.87,14.47],[76.76,14.6],[76.8,14.73],[76.83,14.78],[76.86,14.96],[76.76,14.97],[76.8,15.09],[76.88,15.03],[76.98,15.01],[77.11,15.03],[77.16,15.17],[77.11,15.33],[77.04,15.36],[77.03,15.44],[76.97,15.49],[77.03,15.5],[77.03,15.63],[77.12,15.66],[77.05,15.73],[77.06,15.82],[77.02,15.83],[77.08,15.91],[77.25,15.96],[77.51,15.92],[77.49,16.03],[77.49,16.25],[77.58,16.33],[77.48,16.38],[77.41,16.36],[77.28,16.4],[77.24,16.47],[77.37,16.48],[77.42,16.52],[77.39,16.57],[77.46,16.58],[77.42,16.66],[77.44,16.78],[77.47,16.78],[77.45,16.91],[77.5,17.01],[77.46,17.1],[77.38,17.14],[77.38,17.22],[77.45,17.28],[77.46,17.34],[77.52,17.36],[77.53,17.44],[77.68,17.47],[77.69,17.51],[77.59,17.53],[77.59,17.56],[77.44,17.58],[77.45,17.69],[77.54,17.73],[77.5,17.78],[77.55,17.82],[77.59,17.91],[77.62,17.9],[77.65,17.99],[77.55,18.03],[77.6,18.08],[77.56,18.2],[77.6,18.28],[77.55,18.29]]]},"properties":{"NAME_1":"Karnataka"}},{"type":"Feature","geometry":{"type":"Polygon","coordinates":[[[74.87,12.75],[74.98,12.49],[75.05,12.38],[75.12,12.21],[75.17,12.11],[75.2,12],[75.23,12.02],[75.23,12.04],[75.22,12.05],[75.24,12.11],[75.25,12.1],[75.26,12.11],[75.27,12.1],[75.28,12.1],[75.28,12.11],[75.31,12.13],[75.31,12.14],[75.32,12.14],[75.33,12.14],[75.35,12.14],[75.37,12.14],[75.37,12.15],[75.38,12.15],[75.39,12.15],[75.4,12.14],[75.4,12.13],[75.39,12.13],[75.38,12.13],[75.38,12.12],[75.37,12.12],[75.35,12.11],[75.34,12.1],[75.33,12.1],[75.32,12.11],[75.31,12.1],[75.31,12.09],[75.3,12.06],[75.3,12.05],[75.31,12.05],[75.27,12.01],[75.36,11.85],[75.38,11.86],[75.53,11.7],[75.62,11.48],[75.68,11.45],[75.74,11.35],[75.83,11.12],[75.91,10.79],[76.12,10.33],[76.22,9.98],[76.25,9.97],[76.2,10.14],[76.26,10.09],[76.25,10.03],[76.32,9.89],[76.35,9.91],[76.39,9.82],[76.38,9.7],[76.43,9.61],[76.42,9.56],[76.5,9.53],[76.36,9.52],[76.39,9.68],[76.36,9.7],[76.37,9.82],[76.24,9.96],[76.27,9.83],[76.3,9.57],[76.35,9.38],[76.52,9.02],[76.55,8.9],[76.63,8.83],[76.7,8.74],[76.96,8.42],[76.97,8.39],[77.09,8.3],[77.16,8.32],[77.15,8.38],[77.21,8.44],[77.19,8.49],[77.27,8.54],[77.16,8.74],[77.21,8.78],[77.24,8.87],[77.18,8.91],[77.13,9.01],[77.25,9.14],[77.27,9.29],[77.31,9.33],[77.32,9.41],[77.4,9.5],[77.31,9.59],[77.26,9.57],[77.16,9.6],[77.21,9.72],[77.2,9.87],[77.26,9.96],[77.19,10.1],[77.26,10.12],[77.28,10.21],[77.16,10.35],[77.03,10.27],[76.97,10.21],[76.89,10.23],[76.82,10.3],[76.84,10.36],[76.81,10.41],[76.83,10.59],[76.8,10.63],[76.87,10.63],[76.86,10.67],[76.9,10.77],[76.82,10.86],[76.65,10.92],[76.69,11.02],[76.74,11.05],[76.73,11.13],[76.69,11.16],[76.7,11.23],[76.62,11.19],[76.44,11.19],[76.51,11.26],[76.54,11.35],[76.45,11.38],[76.33,11.46],[76.24,11.46],[76.23,11.56],[76.29,11.57],[76.43,11.63],[76.42,11.66],[76.41,11.75],[76.33,11.73],[76.27,11.8],[76.22,11.8],[76.18,11.86],[76.11,11.85],[76.11,11.97],[76,11.92],[75.88,11.94],[75.82,11.98],[75.8,12.07],[75.72,12.06],[75.71,12.07],[75.71,12.08],[75.7,12.09],[75.69,12.1],[75.67,12.09],[75.66,12.09],[75.64,12.13],[75.64,12.14],[75.63,12.14],[75.63,12.15],[75.61,12.15],[75.59,12.15],[75.59,12.14],[75.58,12.15],[75.56,12.17],[75.55,12.18],[75.54,12.19],[75.53,12.2],[75.54,12.21],[75.53,12.22],[75.52,12.23],[75.52,12.24],[75.51,12.25],[75.5,12.26],[75.49,12.27],[75.47,12.3],[75.44,12.29],[75.43,12.29],[75.42,12.29],[75.43,12.3],[75.42,12.31],[75.41,12.34],[75.42,12.36],[75.42,12.37],[75.4,12.37],[75.4,12.38],[75.39,12.38],[75.37,12.45],[75.39,12.45],[75.4,12.45],[75.41,12.45],[75.42,12.47],[75.41,12.5],[75.4,12.49],[75.4,12.5],[75.39,12.49],[75.38,12.49],[75.37,12.48],[75.34,12.46],[75.34,12.49],[75.32,12.49],[75.27,12.55],[75.33,12.59],[75.27,12.61],[75.22,12.56],[75.16,12.66],[74.98,12.73],[74.99,12.79],[74.87,12.75]]]},"properties":{"NAME_1":"Kerala"}},{"type":"Feature","geometry":{"type":"Polygon","coordinates":[[[73.08,8.33],[73.06,8.3],[73.04,8.27],[73.07,8.29],[73.08,8.33]]]},"properties":{"NAME_1":"Lakshadweep"}},{"type":"Feature","geometry":{"type":"Polygon","coordinates":[[[82.81,23.96],[82.75,24.01],[82.77,24.08],[82.71,24.08],[82.66,24.13],[82.72,24.14],[82.76,24.29],[82.76,24.37],[82.71,24.39],[82.72,24.56],[82.8,24.55],[82.76,24.65],[82.7,24.64],[82.67,24.7],[82.53,24.65],[82.52,24.68],[82.4,24.68],[82.41,24.6],[82.31,24.61],[82.28,24.68],[82.23,24.67],[82.25,24.76],[82.19,24.74],[82.21,24.8],[82.13,24.79],[82,24.85],[81.96,24.83],[81.9,24.88],[81.9,25.01],[81.79,25.01],[81.66,25.08],[81.59,25.08],[81.59,25.18],[81.51,25.19],[81.48,25.07],[81.42,25.14],[81.33,25.17],[81.27,25.17],[81.26,25.07],[81.13,24.89],[81.08,24.95],[80.96,24.93],[80.94,24.97],[80.86,24.94],[80.79,24.97],[80.85,25],[80.86,25.12],[80.91,25.16],[80.84,25.19],[80.8,25.15],[80.7,25.13],[80.78,25.08],[80.67,25.05],[80.6,25.1],[80.49,25.05],[80.46,25.07],[80.36,25.05],[80.39,25.01],[80.27,25.03],[80.35,25.14],[80.42,25.17],[80.3,25.3],[80.31,25.39],[80.26,25.43],[80.19,25.42],[80.13,25.34],[80.02,25.34],[80,25.27],[79.85,25.24],[79.86,25.16],[79.83,25.1],[79.74,25.14],[79.61,25.13],[79.55,25.17],[79.49,25.08],[79.39,25.12],[79.43,25.26],[79.33,25.29],[79.35,25.33],[79.26,25.31],[79.33,25.2],[79.27,25.25],[79.31,25.15],[79.24,25.12],[79.13,25.11],[79.08,25.19],[79.02,25.14],[79.06,25.23],[78.99,25.27],[79,25.2],[78.95,25.22],[78.88,25.16],[78.88,25.26],[78.97,25.29],[78.96,25.35],[78.89,25.35],[78.85,25.23],[78.78,25.3],[78.87,25.39],[78.97,25.37],[78.96,25.44],[78.9,25.45],[78.93,25.56],[78.83,25.52],[78.85,25.45],[78.74,25.5],[78.76,25.36],[78.66,25.39],[78.69,25.45],[78.6,25.42],[78.58,25.35],[78.53,25.37],[78.5,25.29],[78.57,25.26],[78.6,25.1],[78.64,25.06],[78.62,24.97],[78.67,24.9],[78.76,24.86],[78.77,24.7],[78.74,24.66],[78.78,24.59],[78.88,24.64],[78.97,24.5],[78.9,24.49],[78.99,24.43],[78.97,24.36],[78.91,24.3],[78.88,24.23],[78.78,24.19],[78.76,24.23],[78.7,24.23],[78.58,24.36],[78.5,24.39],[78.43,24.3],[78.39,24.27],[78.33,24.33],[78.36,24.38],[78.27,24.45],[78.22,24.54],[78.26,24.55],[78.27,24.67],[78.17,24.89],[78.33,25],[78.33,25.08],[78.44,25.13],[78.36,25.25],[78.29,25.37],[78.35,25.45],[78.42,25.48],[78.41,25.53],[78.48,25.58],[78.65,25.57],[78.81,25.62],[78.81,25.67],[78.75,25.75],[78.93,25.95],[78.94,26.04],[79,26.1],[78.94,26.14],[78.98,26.19],[79.13,26.34],[79.08,26.36],[79.13,26.44],[79.06,26.48],[78.98,26.59],[78.98,26.69],[78.86,26.7],[78.74,26.79],[78.57,26.76],[78.39,26.83],[78.36,26.87],[78.21,26.84],[78.18,26.79],[78.1,26.79],[78.08,26.68],[77.99,26.7],[77.82,26.6],[77.81,26.55],[77.74,26.54],[77.52,26.41],[77.43,26.41],[77.2,26.24],[77.13,26.24],[77.1,26.2],[76.89,26.09],[76.79,25.94],[76.73,25.9],[76.64,25.91],[76.53,25.8],[76.51,25.67],[76.52,25.53],[76.6,25.39],[76.77,25.32],[76.89,25.32],[76.95,25.28],[77.08,25.34],[77.21,25.31],[77.22,25.37],[77.31,25.44],[77.36,25.41],[77.34,25.33],[77.41,25.23],[77.39,25.12],[77.3,25.08],[77.26,25.12],[77.17,25.11],[77.08,25.06],[76.98,25.08],[76.88,25.03],[76.87,24.95],[76.95,24.87],[76.8,24.82],[76.85,24.75],[76.96,24.76],[77.06,24.64],[77.06,24.56],[77,24.48],[76.91,24.49],[76.92,24.54],[76.81,24.53],[76.85,24.47],[76.84,24.36],[76.87,24.27],[76.94,24.2],[76.9,24.13],[76.79,24.13],[76.77,24.16],[76.67,24.19],[76.7,24.25],[76.62,24.26],[76.58,24.18],[76.52,24.16],[76.46,24.23],[76.41,24.21],[76.35,24.25],[76.22,24.22],[76.19,24.33],[76.12,24.21],[76.13,24.1],[75.96,24.03],[75.98,23.93],[75.88,23.88],[75.73,23.86],[75.65,23.8],[75.58,23.8],[75.58,23.84],[75.46,23.92],[75.51,24.05],[75.57,24],[75.67,24.03],[75.7,23.97],[75.76,24],[75.84,24.11],[75.74,24.14],[75.78,24.22],[75.83,24.24],[75.77,24.31],[75.74,24.4],[75.79,24.48],[75.83,24.42],[75.9,24.45],[75.92,24.57],[75.85,24.63],[75.84,24.73],[75.74,24.76],[75.61,24.69],[75.58,24.72],[75.45,24.69],[75.23,24.74],[75.19,24.77],[75.23,24.86],[75.3,24.82],[75.42,24.86],[75.42,24.89],[75.31,24.87],[75.35,25.04],[75.2,25.03],[75.12,24.98],[75.12,24.89],[75.04,24.86],[74.94,24.88],[74.83,24.97],[74.86,24.79],[75.01,24.79],[75,24.71],[74.94,24.66],[74.87,24.67],[74.8,24.8],[74.78,24.69],[74.82,24.67],[74.75,24.6],[74.71,24.51],[74.86,24.45],[74.79,24.37],[74.77,24.27],[74.87,24.28],[74.88,24.22],[74.99,24.03],[74.91,23.91],[74.91,23.8],[74.94,23.73],[74.91,23.62],[74.85,23.56],[74.77,23.54],[74.57,23.42],[74.53,23.32],[74.63,23.26],[74.7,23.27],[74.7,23.23],[74.54,23.1],[74.47,23.09],[74.39,23.11],[74.32,23.06],[74.38,22.91],[74.46,22.91],[74.46,22.82],[74.4,22.73],[74.38,22.64],[74.28,22.65],[74.21,22.57],[74.13,22.52],[74.07,22.55],[74.11,22.43],[74.14,22.45],[74.27,22.4],[74.19,22.32],[74.07,22.36],[74.08,22.22],[74.12,22.21],[74.13,22.1],[74.18,22.09],[74.1,22.02],[74.15,21.95],[74.2,21.93],[74.29,21.94],[74.39,22.02],[74.44,22.03],[74.45,21.97],[74.53,21.91],[74.51,21.73],[74.56,21.68],[74.69,21.63],[74.83,21.61],[74.87,21.63],[75.06,21.56],[75.11,21.47],[75.3,21.39],[75.43,21.39],[75.55,21.37],[75.62,21.39],[75.83,21.38],[75.97,21.39],[76.05,21.35],[76.1,21.37],[76.16,21.26],[76.17,21.17],[76.11,21.16],[76.18,21.09],[76.38,21.08],[76.45,21.11],[76.49,21.2],[76.62,21.19],[76.66,21.28],[76.63,21.33],[76.73,21.41],[76.79,21.49],[76.76,21.52],[76.8,21.6],[76.89,21.6],[77,21.68],[77.17,21.73],[77.21,21.69],[77.28,21.72],[77.28,21.76],[77.48,21.77],[77.56,21.67],[77.57,21.53],[77.42,21.54],[77.49,21.38],[77.6,21.37],[77.69,21.4],[77.71,21.36],[77.8,21.41],[77.9,21.38],[78.06,21.44],[78.17,21.5],[78.17,21.55],[78.36,21.58],[78.42,21.6],[78.43,21.5],[78.5,21.53],[78.58,21.49],[78.72,21.46],[78.75,21.49],[78.93,21.49],[78.91,21.59],[78.97,21.62],[79.1,21.61],[79.15,21.66],[79.22,21.65],[79.23,21.72],[79.39,21.67],[79.49,21.67],[79.54,21.54],[79.65,21.56],[79.73,21.6],[79.86,21.53],[79.93,21.55],[80.06,21.55],[80.19,21.63],[80.26,21.62],[80.37,21.52],[80.41,21.44],[80.4,21.38],[80.52,21.39],[80.59,21.32],[80.66,21.33],[80.73,21.47],[80.71,21.67],[80.74,21.76],[80.81,21.75],[80.84,21.93],[80.88,22.06],[80.95,22.12],[80.98,22.05],[81.02,22.13],[81.02,22.23],[81.11,22.29],[81.11,22.44],[81.17,22.49],[81.22,22.45],[81.32,22.52],[81.38,22.51],[81.4,22.44],[81.44,22.49],[81.56,22.55],[81.61,22.54],[81.64,22.61],[81.72,22.68],[81.78,22.77],[81.77,22.87],[81.86,22.89],[81.94,22.96],[81.94,23.08],[82.12,23.1],[82.15,23.14],[82.14,23.23],[82.18,23.33],[82.09,23.4],[81.98,23.41],[81.92,23.53],[81.83,23.51],[81.73,23.57],[81.63,23.49],[81.57,23.59],[81.6,23.6],[81.69,23.72],[81.64,23.77],[81.6,23.89],[81.66,23.93],[81.7,23.86],[81.81,23.81],[81.92,23.87],[82,23.86],[82.05,23.82],[82.2,23.83],[82.23,23.81],[82.46,23.81],[82.54,23.79],[82.66,23.87],[82.65,23.91],[82.75,23.92],[82.81,23.96]]]},"properties":{"NAME_1":"Madhya Pradesh"}},{"type":"Feature","geometry":{"type":"Polygon","coordinates":[[[80.27,18.72],[80.24,18.75],[80.35,18.81],[80.26,18.94],[80.27,18.99],[80.38,19.18],[80.39,19.24],[80.47,19.33],[80.57,19.4],[80.6,19.31],[80.66,19.33],[80.75,19.29],[80.84,19.36],[80.79,19.43],[80.89,19.47],[80.88,19.52],[80.72,19.61],[80.66,19.61],[80.67,19.69],[80.48,19.83],[80.5,19.87],[80.4,19.91],[80.44,19.95],[80.52,19.93],[80.54,20.11],[80.5,20.14],[80.39,20.14],[80.38,20.24],[80.51,20.27],[80.62,20.33],[80.59,20.39],[80.62,20.6],[80.52,20.58],[80.48,20.62],[80.58,20.68],[80.54,20.79],[80.54,20.93],[80.46,20.93],[80.42,21.01],[80.46,21.17],[80.56,21.21],[80.67,21.3],[80.66,21.33],[80.59,21.32],[80.52,21.39],[80.4,21.38],[80.41,21.44],[80.37,21.52],[80.26,21.62],[80.19,21.63],[80.06,21.55],[79.93,21.55],[79.86,21.53],[79.73,21.6],[79.65,21.56],[79.54,21.54],[79.49,21.67],[79.39,21.67],[79.23,21.72],[79.22,21.65],[79.15,21.66],[79.1,21.61],[78.97,21.62],[78.91,21.59],[78.93,21.49],[78.75,21.49],[78.72,21.46],[78.58,21.49],[78.5,21.53],[78.43,21.5],[78.42,21.6],[78.36,21.58],[78.17,21.55],[78.17,21.5],[78.06,21.44],[77.9,21.38],[77.8,21.41],[77.71,21.36],[77.69,21.4],[77.6,21.37],[77.49,21.38],[77.42,21.54],[77.57,21.53],[77.56,21.67],[77.48,21.77],[77.28,21.76],[77.28,21.72],[77.21,21.69],[77.17,21.73],[77,21.68],[76.89,21.6],[76.8,21.6],[76.76,21.52],[76.79,21.49],[76.73,21.41],[76.63,21.33],[76.66,21.28],[76.62,21.19],[76.49,21.2],[76.45,21.11],[76.38,21.08],[76.18,21.09],[76.11,21.16],[76.17,21.17],[76.16,21.26],[76.1,21.37],[76.05,21.35],[75.97,21.39],[75.83,21.38],[75.62,21.39],[75.55,21.37],[75.43,21.39],[75.3,21.39],[75.11,21.47],[75.06,21.56],[74.87,21.63],[74.83,21.61],[74.69,21.63],[74.56,21.68],[74.51,21.73],[74.53,21.91],[74.45,21.97],[74.44,22.03],[74.39,22.02],[74.29,21.94],[74.2,21.93],[74.15,21.95],[74.05,21.92],[73.88,21.84],[73.81,21.82],[73.89,21.71],[73.89,21.65],[73.79,21.63],[73.82,21.6],[73.86,21.5],[74.07,21.56],[74.19,21.56],[74.2,21.53],[74.31,21.57],[74.31,21.48],[74.22,21.46],[74.08,21.46],[73.96,21.39],[73.95,21.3],[73.83,21.27],[73.82,21.17],[73.67,21.15],[73.63,21.12],[73.74,21.1],[73.75,21.04],[73.82,21],[73.91,20.98],[73.9,20.93],[73.95,20.84],[73.92,20.72],[73.84,20.68],[73.85,20.62],[73.75,20.57],[73.64,20.58],[73.62,20.63],[73.54,20.67],[73.5,20.65],[73.48,20.72],[73.4,20.65],[73.48,20.58],[73.48,20.5],[73.41,20.38],[73.43,20.2],[73.29,20.2],[73.29,20.15],[73.22,20.12],[73.22,20.11],[73.21,20.09],[73.19,20.05],[73.18,20.05],[73.18,20.06],[73.17,20.07],[73.14,20.08],[73.14,20.09],[73.13,20.08],[73.12,20.08],[73.11,20.08],[73.11,20.09],[73.09,20.09],[73.06,20.1],[73.06,20.07],[73.05,20.07],[73.02,20.13],[73.01,20.13],[73,20.12],[72.99,20.11],[72.97,20.13],[72.97,20.21],[72.88,20.23],[72.8,20.13],[72.74,20.14],[72.71,20.07],[72.72,19.97],[72.67,19.93],[72.68,19.81],[72.73,19.62],[72.72,19.54],[72.78,19.49],[72.75,19.46],[72.8,19.33],[72.78,19.22],[72.79,19.13],[72.82,19.12],[72.84,19.03],[72.79,18.95],[72.84,18.94],[72.86,19],[72.92,19],[72.99,19.06],[73.03,18.99],[72.96,18.97],[72.96,18.92],[72.91,18.9],[72.93,18.85],[72.99,18.87],[72.97,18.79],[72.87,18.8],[72.86,18.7],[72.93,18.54],[72.89,18.46],[72.91,18.37],[72.99,18.27],[73.08,18.23],[72.94,18.23],[73,18.02],[73.04,17.98],[73.12,17.75],[73.11,17.69],[73.14,17.55],[73.19,17.46],[73.22,17.27],[73.29,17.11],[73.29,16.99],[73.28,16.89],[73.32,16.8],[73.31,16.73],[73.36,16.57],[73.31,16.54],[73.36,16.44],[73.51,15.94],[73.59,15.91],[73.68,15.72],[73.69,15.73],[73.71,15.72],[73.72,15.72],[73.88,15.75],[73.95,15.74],[73.98,15.63],[74.03,15.6],[74.13,15.65],[74.13,15.72],[74.24,15.78],[74.25,15.74],[74.35,15.76],[74.39,15.9],[74.47,16.05],[74.39,16.04],[74.43,16.11],[74.49,16.09],[74.51,16.22],[74.35,16.29],[74.34,16.45],[74.25,16.49],[74.5,16.63],[74.55,16.63],[74.56,16.56],[74.69,16.6],[74.66,16.64],[74.7,16.72],[74.85,16.77],[74.92,16.77],[74.91,16.86],[74.97,16.91],[74.94,16.94],[75.09,16.95],[75.14,16.87],[75.23,16.84],[75.28,16.87],[75.28,16.95],[75.47,16.99],[75.49,16.94],[75.68,16.96],[75.68,17.07],[75.63,17.19],[75.66,17.27],[75.61,17.3],[75.58,17.38],[75.62,17.39],[75.64,17.48],[75.69,17.41],[75.74,17.42],[75.81,17.37],[75.82,17.42],[75.89,17.41],[75.93,17.32],[76.12,17.37],[76.23,17.36],[76.28,17.33],[76.34,17.35],[76.38,17.31],[76.41,17.37],[76.33,17.43],[76.37,17.52],[76.33,17.59],[76.42,17.6],[76.49,17.66],[76.49,17.71],[76.6,17.76],[76.69,17.68],[76.72,17.79],[76.79,17.83],[76.74,17.9],[76.8,17.87],[76.92,17.92],[76.92,18.03],[76.97,18.1],[76.92,18.12],[76.95,18.18],[77.11,18.15],[77.1,18.2],[77.21,18.28],[77.24,18.41],[77.37,18.45],[77.4,18.4],[77.36,18.32],[77.44,18.31],[77.47,18.26],[77.55,18.29],[77.53,18.34],[77.55,18.46],[77.6,18.55],[77.66,18.53],[77.75,18.59],[77.73,18.68],[77.79,18.68],[77.84,18.81],[77.94,18.84],[77.85,18.95],[77.77,18.98],[77.76,19.06],[77.83,19.14],[77.86,19.3],[77.95,19.34],[78.05,19.27],[78.18,19.24],[78.19,19.4],[78.31,19.46],[78.28,19.56],[78.31,19.57],[78.29,19.69],[78.35,19.71],[78.37,19.78],[78.29,19.85],[78.31,19.91],[78.4,19.84],[78.5,19.79],[78.53,19.82],[78.85,19.76],[78.86,19.66],[78.97,19.65],[79.02,19.54],[79.1,19.53],[79.17,19.47],[79.22,19.46],[79.24,19.61],[79.37,19.57],[79.47,19.5],[79.54,19.55],[79.59,19.5],[79.62,19.57],[79.74,19.6],[79.91,19.49],[79.97,19.4],[79.96,19.3],[79.92,19.23],[79.94,19.18],[79.86,19.1],[79.86,19.03],[79.93,19.04],[79.94,18.86],[79.89,18.83],[79.93,18.78],[80.01,18.77],[80.11,18.68],[80.27,18.72]]]},"properties":{"NAME_1":"Maharashtra"}},{"type":"Feature","geometry":{"type":"Polygon","coordinates":[[[93,24.4],[93.04,24.34],[93.01,24.28],[93.02,24.22],[92.98,24.11],[93.08,24.1],[93.1,24.05],[93.15,24.09],[93.26,24.02],[93.34,24.05],[93.35,24.1],[93.42,24.08],[93.47,23.97],[93.52,23.95],[93.61,23.97],[93.62,24.01],[93.76,24.01],[93.81,23.93],[93.9,23.95],[94.02,23.93],[94.16,23.85],[94.17,23.93],[94.25,24.04],[94.26,24.17],[94.39,24.38],[94.47,24.58],[94.52,24.62],[94.55,24.71],[94.61,24.72],[94.64,24.85],[94.72,24.94],[94.75,25.14],[94.59,25.22],[94.63,25.39],[94.68,25.46],[94.56,25.51],[94.56,25.59],[94.6,25.69],[94.47,25.62],[94.42,25.54],[94.3,25.49],[94.21,25.5],[94.19,25.55],[94.14,25.52],[94.01,25.6],[93.97,25.56],[93.89,25.57],[93.77,25.54],[93.81,25.48],[93.69,25.33],[93.61,25.2],[93.51,25.24],[93.47,25.31],[93.4,25.26],[93.35,25.13],[93.25,25.02],[93.25,24.92],[93.19,24.81],[93.11,24.8],[93.09,24.71],[93.1,24.59],[93.06,24.57],[93.04,24.41],[93,24.4]]]},"properties":{"NAME_1":"Manipur"}},{"type":"Feature","geometry":{"type":"Polygon","coordinates":[[[89.86,25.48],[89.82,25.39],[89.85,25.31],[89.98,25.3],[90.12,25.23],[90.32,25.19],[90.45,25.14],[90.52,25.18],[90.74,25.15],[90.79,25.18],[90.85,25.16],[91.08,25.2],[91.27,25.2],[91.47,25.13],[91.62,25.18],[91.64,25.12],[91.78,25.17],[92.07,25.19],[92.35,25.05],[92.43,25.03],[92.46,25.04],[92.52,25.14],[92.62,25.12],[92.66,25.17],[92.8,25.22],[92.79,25.29],[92.65,25.44],[92.61,25.42],[92.58,25.5],[92.64,25.54],[92.65,25.59],[92.59,25.55],[92.56,25.61],[92.5,25.63],[92.44,25.72],[92.39,25.75],[92.22,25.71],[92.17,25.67],[92.15,25.81],[92.22,25.91],[92.16,25.92],[92.17,25.96],[92.3,26.08],[92.18,26.07],[91.93,26.01],[91.88,26.03],[91.88,26.1],[91.82,26.12],[91.73,26.06],[91.72,25.95],[91.67,25.91],[91.61,25.94],[91.63,26.02],[91.57,26.03],[91.48,25.86],[91.33,25.84],[91.28,25.75],[91.22,25.72],[91.18,25.78],[91.2,25.84],[91,25.82],[91.03,25.89],[90.96,25.93],[90.81,25.95],[90.78,25.91],[90.75,25.96],[90.63,25.92],[90.59,25.95],[90.53,25.9],[90.53,25.96],[90.48,26.02],[90.36,26.01],[90.32,25.97],[90.1,25.94],[90.09,25.93],[90.08,25.92],[90.07,25.92],[90.06,25.92],[90.06,25.91],[90.05,25.9],[90.03,25.89],[90.02,25.89],[90.01,25.87],[90.02,25.87],[90.01,25.85],[90,25.84],[89.97,25.83],[89.95,25.82],[89.95,25.81],[89.95,25.78],[89.92,25.74],[89.9,25.74],[89.91,25.71],[89.92,25.7],[89.93,25.69],[89.94,25.68],[89.98,25.64],[90,25.62],[90.01,25.59],[90,25.59],[89.92,25.56],[89.88,25.55],[89.87,25.54],[89.88,25.53],[89.87,25.51],[89.88,25.49],[89.87,25.48],[89.86,25.48]]]},"properties":{"NAME_1":"Meghalaya"}},{"type":"Feature","geometry":{"type":"Polygon","coordinates":[[[92.3,24.25],[92.29,24.24],[92.3,24.24],[92.3,24.23],[92.3,24.22],[92.31,24.21],[92.32,24.21],[92.33,24.19],[92.33,24.17],[92.33,24.16],[92.33,24.15],[92.34,24.14],[92.33,24.14],[92.33,24.12],[92.33,24.11],[92.33,24.1],[92.32,24.07],[92.32,24.06],[92.32,24.05],[92.32,24.04],[92.32,24.03],[92.32,24.02],[92.32,23.98],[92.31,23.97],[92.31,23.96],[92.31,23.93],[92.32,23.93],[92.33,23.92],[92.33,23.91],[92.32,23.9],[92.32,23.89],[92.32,23.88],[92.32,23.87],[92.31,23.86],[92.3,23.87],[92.29,23.87],[92.27,23.84],[92.28,23.84],[92.28,23.83],[92.28,23.82],[92.29,23.82],[92.28,23.82],[92.27,23.82],[92.26,23.8],[92.27,23.76],[92.27,23.74],[92.27,23.73],[92.34,23.43],[92.38,23.35],[92.41,23.24],[92.36,23.24],[92.37,23.11],[92.39,23.06],[92.38,22.93],[92.46,22.87],[92.46,22.82],[92.53,22.66],[92.61,22.12],[92.57,22.13],[92.61,21.98],[92.68,22.01],[92.7,22.15],[92.87,22.06],[92.91,21.95],[92.96,22.03],[93.01,21.98],[93.02,22.11],[93.07,22.1],[93.04,22.19],[93.16,22.18],[93.15,22.25],[93.21,22.26],[93.19,22.43],[93.13,22.47],[93.12,22.55],[93.15,22.59],[93.09,22.71],[93.1,22.81],[93.15,22.93],[93.14,23.06],[93.25,23.01],[93.33,23.04],[93.39,23.22],[93.37,23.35],[93.43,23.53],[93.43,23.65],[93.4,23.82],[93.4,23.93],[93.33,23.99],[93.34,24.05],[93.26,24.02],[93.15,24.09],[93.1,24.05],[93.08,24.1],[92.98,24.11],[93.02,24.22],[93.01,24.28],[93.04,24.34],[93,24.4],[92.83,24.4],[92.77,24.52],[92.68,24.35],[92.63,24.33],[92.61,24.25],[92.55,24.25],[92.51,24.17],[92.51,24.16],[92.5,24.17],[92.5,24.16],[92.49,24.16],[92.48,24.16],[92.48,24.15],[92.47,24.14],[92.46,24.14],[92.44,24.15],[92.44,24.16],[92.43,24.17],[92.42,24.25],[92.31,24.25],[92.3,24.25]]]},"properties":{"NAME_1":"Mizoram"}},{"type":"Feature","geometry":{"type":"Polygon","coordinates":[[[95.2,27.04],[95.09,26.95],[94.99,26.92],[94.89,26.93],[94.8,26.81],[94.69,26.73],[94.52,26.7],[94.41,26.62],[94.4,26.53],[94.32,26.46],[94.28,26.56],[94.19,26.46],[94.16,26.34],[94.11,26.33],[94.01,26.19],[93.96,25.97],[93.98,25.93],[93.88,25.85],[93.8,25.81],[93.77,25.97],[93.69,25.91],[93.71,25.85],[93.33,25.55],[93.39,25.47],[93.46,25.44],[93.47,25.31],[93.51,25.24],[93.61,25.2],[93.69,25.33],[93.81,25.48],[93.77,25.54],[93.89,25.57],[93.97,25.56],[94.01,25.6],[94.14,25.52],[94.19,25.55],[94.21,25.5],[94.3,25.49],[94.42,25.54],[94.47,25.62],[94.6,25.69],[94.56,25.59],[94.56,25.51],[94.68,25.46],[94.81,25.5],[94.92,25.61],[94.94,25.66],[95.05,25.76],[95.02,25.87],[95.04,25.94],[95.11,25.97],[95.19,26.08],[95.13,26.1],[95.12,26.16],[95.14,26.39],[95.07,26.47],[95.15,26.58],[95.15,26.62],[95.24,26.69],[95.24,26.79],[95.18,26.86],[95.23,26.92],[95.2,27.04]]]},"properties":{"NAME_1":"Nagaland"}},{"type":"Feature","geometry":{"type":"MultiPolygon","coordinates":[[[[84.72,19.1],[84.78,19.11],[84.89,19.24],[85.07,19.37],[85.14,19.44],[85.3,19.55],[85.66,19.74],[85.91,19.82],[86.23,19.9],[86.37,19.96],[86.27,20.06],[86.39,19.98],[86.41,20.04],[86.54,20.19],[86.77,20.33],[86.78,20.39],[86.73,20.4],[86.74,20.48],[86.79,20.54],[87.05,20.71],[86.94,20.71],[86.84,20.65],[86.77,20.64],[86.83,20.77],[86.96,20.79],[86.97,20.83],[86.82,21.14],[86.89,21.32],[86.98,21.41],[87.11,21.51],[87.21,21.55],[87.37,21.55],[87.48,21.61],[87.46,21.64],[87.46,21.66],[87.47,21.68],[87.47,21.7],[87.46,21.72],[87.47,21.72],[87.47,21.73],[87.44,21.73],[87.45,21.74],[87.44,21.74],[87.44,21.76],[87.42,21.77],[87.39,21.77],[87.38,21.77],[87.37,21.77],[87.36,21.78],[87.34,21.78],[87.33,21.79],[87.32,21.79],[87.31,21.79],[87.3,21.8],[87.29,21.8],[87.28,21.8],[87.27,21.8],[87.27,21.81],[87.26,21.81],[87.27,21.82],[87.26,21.83],[87.26,21.84],[87.24,21.86],[87.25,21.87],[87.25,21.92],[87.24,21.93],[87.23,21.94],[87.23,21.95],[87.22,21.95],[87.2,21.96],[87.17,21.97],[87.16,21.95],[87.16,21.93],[87.15,21.93],[87.11,21.92],[87.1,21.92],[87.09,21.9],[87.09,21.89],[87.1,21.89],[87.1,21.88],[87.08,21.86],[87,21.91],[87.03,21.99],[86.96,22.08],[86.85,22.1],[86.79,22.15],[86.72,22.14],[86.72,22.22],[86.53,22.3],[86.48,22.34],[86.42,22.31],[86.35,22.35],[86.29,22.43],[86.2,22.47],[86.1,22.49],[86.04,22.56],[85.95,22.46],[86.01,22.42],[86.02,22.3],[85.97,22.24],[86.03,22.19],[85.94,22.02],[85.89,21.98],[85.78,21.98],[85.76,22.01],[85.8,22.11],[85.68,22.05],[85.41,22.16],[85.36,22.15],[85.27,22.08],[85.23,22],[85.18,22.06],[85.02,22.11],[85.09,22.32],[85.05,22.48],[84.91,22.42],[84.75,22.44],[84.74,22.41],[84.63,22.43],[84.5,22.42],[84.43,22.35],[84.29,22.34],[84.14,22.42],[84.14,22.47],[84,22.52],[84.04,22.46],[83.99,22.37],[83.86,22.34],[83.75,22.24],[83.65,22.22],[83.54,22.06],[83.54,21.96],[83.6,21.91],[83.54,21.79],[83.49,21.81],[83.48,21.74],[83.38,21.61],[83.34,21.49],[83.39,21.4],[83.37,21.34],[83.27,21.38],[83.27,21.27],[83.21,21.25],[83.19,21.14],[83.12,21.1],[83.04,21.12],[82.96,21.18],[82.79,21.14],[82.64,21.15],[82.62,21.04],[82.55,20.94],[82.48,20.9],[82.48,20.85],[82.42,20.83],[82.35,20.88],[82.34,20.7],[82.37,20.63],[82.32,20.55],[82.43,20.43],[82.39,20.34],[82.43,20.28],[82.38,20.14],[82.4,20.05],[82.71,19.98],[82.7,19.83],[82.58,19.78],[82.6,19.86],[82.44,19.9],[82.34,19.83],[82.26,19.97],[82.18,19.98],[82.06,20.05],[82.02,20.01],[81.94,20.1],[81.86,20.02],[81.86,19.9],[81.96,19.85],[81.98,19.8],[82.05,19.79],[82.04,19.7],[82.05,19.54],[82.09,19.51],[82.12,19.42],[82.18,19.41],[82.14,19.35],[82.18,19.33],[82.15,19.27],[82.2,19.12],[82.24,18.91],[82.17,18.9],[82.16,18.79],[81.96,18.68],[81.95,18.59],[81.9,18.56],[81.76,18.41],[81.74,18.35],[81.66,18.34],[81.53,18.26],[81.52,18.16],[81.44,17.88],[81.4,17.89],[81.38,17.81],[81.61,17.82],[81.66,17.88],[81.7,17.86],[81.8,17.94],[81.94,17.98],[82.02,18.06],[82.16,18.04],[82.27,17.99],[82.29,18.06],[82.33,18.04],[82.31,18.17],[82.34,18.31],[82.38,18.37],[82.36,18.41],[82.47,18.54],[82.52,18.5],[82.54,18.39],[82.6,18.37],[82.58,18.27],[82.63,18.23],[82.66,18.29],[82.77,18.33],[82.82,18.44],[82.9,18.36],[82.98,18.35],[83.07,18.39],[83.02,18.45],[83.09,18.53],[83.03,18.56],[83.01,18.64],[83.05,18.65],[83.13,18.77],[83.2,18.74],[83.28,18.79],[83.36,18.8],[83.41,18.86],[83.34,18.92],[83.31,18.99],[83.41,18.99],[83.46,18.95],[83.46,19.07],[83.53,19.01],[83.62,19.14],[83.73,18.98],[83.79,19.01],[83.84,18.85],[83.89,18.81],[84.03,18.8],[84.08,18.74],[84.22,18.79],[84.31,18.78],[84.43,18.91],[84.43,18.98],[84.43,18.99],[84.43,19],[84.41,19.01],[84.42,19.01],[84.44,19],[84.47,18.98],[84.48,18.99],[84.48,19.01],[84.49,19.02],[84.5,19.02],[84.51,19.04],[84.55,19.05],[84.56,19.06],[84.57,19.06],[84.58,19.06],[84.57,19.04],[84.59,19.01],[84.6,19.03],[84.61,19.05],[84.62,19.06],[84.63,19.05],[84.63,19.06],[84.65,19.06],[84.65,19.05],[84.66,19.06],[84.64,19.08],[84.63,19.07],[84.62,19.07],[84.62,19.09],[84.61,19.09],[84.6,19.12],[84.63,19.12],[84.65,19.12],[84.66,19.12],[84.67,19.14],[84.67,19.16],[84.68,19.15],[84.7,19.15],[84.7,19.13],[84.69,19.12],[84.7,19.11],[84.72,19.1]]],[[[86.87,20.77],[86.83,20.76],[86.77,20.65],[86.84,20.65],[86.94,20.72],[87,20.72],[86.99,20.77],[86.87,20.77]]]]},"properties":{"NAME_1":"Orissa"}},{"type":"Feature","geometry":{"type":"MultiPolygon","coordinates":[[[[75.23,12.02],[75.31,12.05],[75.3,12.05],[75.3,12.06],[75.31,12.09],[75.31,12.1],[75.32,12.11],[75.33,12.1],[75.34,12.1],[75.35,12.11],[75.37,12.12],[75.38,12.12],[75.38,12.13],[75.39,12.13],[75.4,12.13],[75.4,12.14],[75.39,12.15],[75.38,12.15],[75.37,12.15],[75.37,12.14],[75.35,12.14],[75.33,12.14],[75.32,12.14],[75.31,12.14],[75.31,12.13],[75.28,12.11],[75.28,12.1],[75.27,12.1],[75.26,12.11],[75.25,12.1],[75.24,12.11],[75.22,12.05],[75.23,12.04],[75.23,12.02]]],[[[79.76,10.98],[79.74,10.99],[79.73,10.99],[79.73,10.98],[79.74,10.97],[79.74,10.96],[79.75,10.95],[79.74,10.94],[79.73,10.95],[79.72,10.95],[79.7,10.95],[79.72,10.94],[79.71,10.92],[79.7,10.92],[79.71,10.92],[79.71,10.91],[79.72,10.91],[79.73,10.91],[79.73,10.9],[79.74,10.9],[79.75,10.9],[79.75,10.89],[79.76,10.88],[79.77,10.89],[79.78,10.88],[79.77,10.88],[79.78,10.88],[79.78,10.87],[79.79,10.86],[79.81,10.85],[79.79,10.85],[79.79,10.84],[79.8,10.83],[79.81,10.83],[79.81,10.82],[79.81,10.81],[79.84,10.81],[79.85,10.81],[79.85,10.98],[79.84,10.98],[79.83,10.98],[79.82,10.98],[79.81,10.98],[79.8,10.98],[79.79,10.97],[79.77,10.98],[79.76,10.98]]],[[[79.71,11.98],[79.67,12.01],[79.66,12],[79.65,12],[79.65,11.99],[79.69,11.98],[79.72,11.89],[79.69,11.85],[79.8,11.81],[79.84,11.94],[79.83,11.94],[79.8,11.96],[79.79,11.96],[79.79,11.94],[79.78,11.95],[79.77,11.95],[79.77,11.94],[79.76,11.93],[79.75,11.92],[79.74,11.91],[79.73,11.95],[79.72,11.97],[79.73,11.96],[79.75,11.97],[79.75,11.98],[79.73,11.99],[79.72,11.98],[79.71,11.98]]]]},"properties":{"NAME_1":"Puducherry"}},{"type":"Feature","geometry":{"type":"Polygon","coordinates":[[[76.83,30.76],[76.83,30.83],[76.77,30.91],[76.71,30.96],[76.61,31],[76.62,31.12],[76.58,31.23],[76.45,31.31],[76.36,31.42],[76.32,31.4],[76.3,31.33],[76.17,31.31],[76.16,31.4],[76,31.65],[75.92,31.82],[75.97,31.81],[75.89,31.95],[75.8,31.99],[75.65,32.08],[75.58,32.08],[75.66,32.15],[75.62,32.23],[75.74,32.27],[75.84,32.38],[75.93,32.41],[75.86,32.5],[75.87,32.58],[75.8,32.49],[75.71,32.42],[75.52,32.34],[75.49,32.28],[75.47,32.34],[75.32,32.34],[75.36,32.24],[75.23,32.08],[75.12,32.08],[75,32.03],[74.93,32.07],[74.86,32.05],[74.8,31.96],[74.6,31.89],[74.52,31.72],[74.58,31.62],[74.6,31.53],[74.57,31.5],[74.64,31.46],[74.55,31.3],[74.51,31.27],[74.51,31.14],[74.55,31.09],[74.59,31.13],[74.68,31.13],[74.66,31.05],[74.55,31.06],[74.54,31],[74.47,30.97],[74.37,30.85],[74.32,30.85],[74.23,30.72],[74.15,30.63],[74.09,30.61],[74.07,30.52],[73.99,30.5],[73.87,30.38],[73.96,30.26],[73.97,30.2],[73.96,30.12],[73.9,30.05],[73.89,29.97],[74.07,29.97],[74.52,29.94],[74.64,29.9],[74.7,29.97],[74.8,29.99],[74.92,29.95],[74.99,29.86],[75.1,29.9],[75.08,29.85],[75.14,29.78],[75.2,29.83],[75.23,29.75],[75.17,29.63],[75.22,29.55],[75.29,29.56],[75.32,29.67],[75.44,29.81],[75.56,29.74],[75.63,29.77],[75.7,29.76],[75.71,29.81],[75.82,29.82],[75.86,29.75],[75.93,29.73],[76.04,29.75],[76.24,29.87],[76.18,29.89],[76.19,30],[76.25,30.11],[76.39,30.13],[76.42,30.2],[76.45,30.1],[76.5,30.08],[76.63,30.11],[76.64,30.21],[76.55,30.26],[76.61,30.28],[76.74,30.36],[76.7,30.39],[76.76,30.44],[76.83,30.43],[76.88,30.36],[76.93,30.4],[76.89,30.44],[76.91,30.6],[76.82,30.69],[76.81,30.68],[76.79,30.67],[76.74,30.69],[76.73,30.7],[76.72,30.7],[76.73,30.71],[76.72,30.71],[76.71,30.74],[76.69,30.76],[76.72,30.77],[76.73,30.78],[76.74,30.78],[76.74,30.79],[76.75,30.79],[76.75,30.8],[76.77,30.8],[76.78,30.78],[76.77,30.78],[76.78,30.77],[76.8,30.79],[76.8,30.78],[76.79,30.77],[76.83,30.76]]]},"properties":{"NAME_1":"Punjab"}},{"type":"Feature","geometry":{"type":"Polygon","coordinates":[[[74.32,23.06],[74.39,23.11],[74.47,23.09],[74.54,23.1],[74.7,23.23],[74.7,23.27],[74.63,23.26],[74.53,23.32],[74.57,23.42],[74.77,23.54],[74.85,23.56],[74.91,23.62],[74.94,23.73],[74.91,23.8],[74.91,23.91],[74.99,24.03],[74.88,24.22],[74.87,24.28],[74.77,24.27],[74.79,24.37],[74.86,24.45],[74.71,24.51],[74.75,24.6],[74.82,24.67],[74.78,24.69],[74.8,24.8],[74.87,24.67],[74.94,24.66],[75,24.71],[75.01,24.79],[74.86,24.79],[74.83,24.97],[74.94,24.88],[75.04,24.86],[75.12,24.89],[75.12,24.98],[75.2,25.03],[75.35,25.04],[75.31,24.87],[75.42,24.89],[75.42,24.86],[75.3,24.82],[75.23,24.86],[75.19,24.77],[75.23,24.74],[75.45,24.69],[75.58,24.72],[75.61,24.69],[75.74,24.76],[75.84,24.73],[75.85,24.63],[75.92,24.57],[75.9,24.45],[75.83,24.42],[75.79,24.48],[75.74,24.4],[75.77,24.31],[75.83,24.24],[75.78,24.22],[75.74,24.14],[75.84,24.11],[75.76,24],[75.7,23.97],[75.67,24.03],[75.57,24],[75.51,24.05],[75.46,23.92],[75.58,23.84],[75.58,23.8],[75.65,23.8],[75.73,23.86],[75.88,23.88],[75.98,23.93],[75.96,24.03],[76.13,24.1],[76.12,24.21],[76.19,24.33],[76.22,24.22],[76.35,24.25],[76.41,24.21],[76.46,24.23],[76.52,24.16],[76.58,24.18],[76.62,24.26],[76.7,24.25],[76.67,24.19],[76.77,24.16],[76.79,24.13],[76.9,24.13],[76.94,24.2],[76.87,24.27],[76.84,24.36],[76.85,24.47],[76.81,24.53],[76.92,24.54],[76.91,24.49],[77,24.48],[77.06,24.56],[77.06,24.64],[76.96,24.76],[76.85,24.75],[76.8,24.82],[76.95,24.87],[76.87,24.95],[76.88,25.03],[76.98,25.08],[77.08,25.06],[77.17,25.11],[77.26,25.12],[77.3,25.08],[77.39,25.12],[77.41,25.23],[77.34,25.33],[77.36,25.41],[77.31,25.44],[77.22,25.37],[77.21,25.31],[77.08,25.34],[76.95,25.28],[76.89,25.32],[76.77,25.32],[76.6,25.39],[76.52,25.53],[76.51,25.67],[76.53,25.8],[76.64,25.91],[76.73,25.9],[76.79,25.94],[76.89,26.09],[77.1,26.2],[77.13,26.24],[77.2,26.24],[77.43,26.41],[77.52,26.41],[77.74,26.54],[77.81,26.55],[77.82,26.6],[77.99,26.7],[78.08,26.68],[78.1,26.79],[78.18,26.79],[78.21,26.84],[78.26,26.93],[78.14,26.96],[78.09,26.9],[78.04,26.92],[77.89,26.89],[77.77,26.94],[77.72,26.88],[77.56,26.82],[77.5,26.85],[77.43,26.77],[77.42,26.87],[77.65,26.97],[77.74,26.99],[77.53,27.07],[77.51,27.11],[77.6,27.13],[77.67,27.2],[77.57,27.33],[77.43,27.4],[77.43,27.46],[77.34,27.52],[77.34,27.65],[77.28,27.81],[77.19,27.82],[77.13,27.78],[77.04,27.82],[77.05,27.73],[76.99,27.74],[76.97,27.66],[76.88,27.72],[76.93,27.83],[76.92,28],[76.96,28.14],[76.86,28.22],[76.81,28.22],[76.79,28.16],[76.65,28.09],[76.66,28.02],[76.55,27.97],[76.54,28.04],[76.45,28.09],[76.47,28.15],[76.36,28.14],[76.32,28.09],[76.34,28.03],[76.25,28.07],[76.18,28.06],[76.15,27.99],[76.21,27.85],[76.17,27.81],[76.09,27.87],[75.96,27.86],[75.93,27.92],[75.99,27.98],[76.02,28.09],[75.94,28.09],[76.03,28.17],[76.09,28.16],[75.92,28.37],[75.77,28.42],[75.78,28.46],[75.63,28.55],[75.61,28.61],[75.56,28.61],[75.51,28.84],[75.47,28.94],[75.51,29.01],[75.43,29.02],[75.38,29.07],[75.4,29.26],[75.31,29.24],[75.32,29.29],[75.22,29.23],[75.18,29.27],[75.11,29.23],[75.04,29.29],[74.95,29.28],[74.93,29.36],[74.85,29.4],[74.78,29.36],[74.65,29.37],[74.6,29.33],[74.57,29.41],[74.61,29.53],[74.57,29.56],[74.61,29.75],[74.47,29.74],[74.47,29.79],[74.55,29.87],[74.52,29.94],[74.07,29.97],[73.89,29.97],[73.9,30.05],[73.96,30.12],[73.97,30.2],[73.79,30.07],[73.61,30.02],[73.39,29.93],[73.27,29.56],[73.08,29.23],[73,29.15],[72.94,29.03],[72.74,28.95],[72.38,28.76],[72.3,28.66],[72.21,28.4],[72.13,28.3],[72,28.21],[71.93,28.12],[71.9,27.96],[71.66,27.87],[71.41,27.87],[71.21,27.82],[70.91,27.7],[70.76,27.72],[70.68,27.84],[70.67,27.91],[70.56,28.02],[70.48,28.03],[70.37,28.01],[70.21,27.89],[70.11,27.77],[70.02,27.56],[69.94,27.5],[69.86,27.4],[69.59,27.18],[69.51,27.02],[69.48,26.81],[69.52,26.74],[69.72,26.65],[69.86,26.58],[70.02,26.6],[70.17,26.55],[70.18,26.49],[70.17,26.25],[70.08,26.06],[70.11,25.92],[70.29,25.7],[70.4,25.66],[70.67,25.7],[70.68,25.66],[70.67,25.39],[70.76,25.27],[70.89,25.14],[70.95,24.93],[71.11,24.68],[71.17,24.65],[71.21,24.64],[71.24,24.63],[71.26,24.62],[71.3,24.61],[71.36,24.65],[71.38,24.62],[71.49,24.67],[71.62,24.67],[71.66,24.63],[71.8,24.67],[71.86,24.6],[71.87,24.67],[71.93,24.63],[72.05,24.71],[72.08,24.65],[72.19,24.61],[72.23,24.63],[72.32,24.61],[72.25,24.58],[72.3,24.54],[72.36,24.55],[72.39,24.5],[72.45,24.49],[72.46,24.41],[72.54,24.5],[72.69,24.46],[72.73,24.36],[72.87,24.37],[72.92,24.33],[72.98,24.36],[72.98,24.45],[73.09,24.49],[73.08,24.39],[73.18,24.35],[73.08,24.18],[73.15,24.12],[73.22,24.1],[73.2,24.05],[73.25,24.01],[73.33,24.06],[73.34,24.12],[73.41,24.05],[73.42,23.92],[73.36,23.85],[73.4,23.78],[73.5,23.71],[73.53,23.61],[73.57,23.65],[73.66,23.62],[73.63,23.45],[73.83,23.45],[73.89,23.35],[73.96,23.38],[74.04,23.3],[74.14,23.26],[74.13,23.18],[74.18,23.15],[74.25,23.19],[74.32,23.06]]]},"properties":{"NAME_1":"Rajasthan"}},{"type":"Feature","geometry":{"type":"Polygon","coordinates":[[[88.75,27.15],[88.8,27.25],[88.9,27.27],[88.92,27.33],[88.81,27.41],[88.77,27.56],[88.85,27.67],[88.88,27.9],[88.84,27.93],[88.83,28.02],[88.75,28.07],[88.62,28.1],[88.53,28.04],[88.48,28.05],[88.39,27.98],[88.34,27.99],[88.24,27.95],[88.14,27.96],[88.13,27.88],[88.2,27.85],[88.2,27.79],[88.15,27.67],[88.06,27.54],[88.05,27.48],[88.07,27.34],[88.02,27.22],[88.09,27.14],[88.28,27.13],[88.3,27.13],[88.32,27.12],[88.35,27.11],[88.35,27.1],[88.37,27.1],[88.41,27.09],[88.43,27.08],[88.52,27.18],[88.59,27.19],[88.75,27.15]]]},"properties":{"NAME_1":"Sikkim"}},{"type":"Feature","geometry":{"type":"MultiPolygon","coordinates":[[[[78.22,12.75],[78.12,12.77],[78.01,12.85],[78,12.8],[77.92,12.88],[77.83,12.86],[77.73,12.66],[77.59,12.66],[77.58,12.47],[77.63,12.48],[77.6,12.35],[77.54,12.28],[77.47,12.26],[77.47,12.2],[77.6,12.2],[77.73,12.17],[77.77,12.11],[77.66,11.95],[77.57,11.92],[77.48,11.93],[77.42,11.75],[77.33,11.76],[77.28,11.8],[77.1,11.76],[76.97,11.8],[76.9,11.78],[76.83,11.65],[76.85,11.6],[76.61,11.6],[76.55,11.61],[76.5,11.7],[76.42,11.66],[76.43,11.63],[76.29,11.57],[76.23,11.56],[76.24,11.46],[76.33,11.46],[76.45,11.38],[76.54,11.35],[76.51,11.26],[76.44,11.19],[76.62,11.19],[76.7,11.23],[76.69,11.16],[76.73,11.13],[76.74,11.05],[76.69,11.02],[76.65,10.92],[76.82,10.86],[76.9,10.77],[76.86,10.67],[76.87,10.63],[76.8,10.63],[76.83,10.59],[76.81,10.41],[76.84,10.36],[76.82,10.3],[76.89,10.23],[76.97,10.21],[77.03,10.27],[77.16,10.35],[77.28,10.21],[77.26,10.12],[77.19,10.1],[77.26,9.96],[77.2,9.87],[77.21,9.72],[77.16,9.6],[77.26,9.57],[77.31,9.59],[77.4,9.5],[77.32,9.41],[77.31,9.33],[77.27,9.29],[77.25,9.14],[77.13,9.01],[77.18,8.91],[77.24,8.87],[77.21,8.78],[77.16,8.74],[77.27,8.54],[77.19,8.49],[77.21,8.44],[77.15,8.38],[77.16,8.32],[77.09,8.3],[77.31,8.13],[77.55,8.08],[77.61,8.15],[77.72,8.17],[77.81,8.25],[78.06,8.37],[78.07,8.42],[78.13,8.5],[78.14,8.59],[78.1,8.63],[78.17,8.75],[78.17,8.88],[78.21,8.96],[78.41,9.11],[78.58,9.13],[78.64,9.18],[78.88,9.26],[78.99,9.27],[79.09,9.26],[79.19,9.28],[79.07,9.3],[78.99,9.35],[78.9,9.47],[78.93,9.61],[79.06,9.77],[79.16,9.93],[79.27,10.04],[79.23,10.1],[79.27,10.24],[79.4,10.32],[79.56,10.31],[79.69,10.33],[79.84,10.28],[79.88,10.31],[79.87,10.42],[79.85,10.81],[79.84,10.81],[79.81,10.81],[79.81,10.82],[79.81,10.83],[79.8,10.83],[79.79,10.84],[79.79,10.85],[79.81,10.85],[79.79,10.86],[79.78,10.87],[79.78,10.88],[79.77,10.88],[79.78,10.88],[79.77,10.89],[79.76,10.88],[79.75,10.89],[79.75,10.9],[79.74,10.9],[79.73,10.9],[79.73,10.91],[79.72,10.91],[79.71,10.91],[79.71,10.92],[79.7,10.92],[79.71,10.92],[79.72,10.94],[79.7,10.95],[79.72,10.95],[79.73,10.95],[79.74,10.94],[79.75,10.95],[79.74,10.96],[79.74,10.97],[79.73,10.98],[79.73,10.99],[79.74,10.99],[79.76,10.98],[79.77,10.98],[79.79,10.97],[79.8,10.98],[79.81,10.98],[79.82,10.98],[79.83,10.98],[79.84,10.98],[79.85,10.98],[79.86,11.14],[79.81,11.44],[79.76,11.59],[79.8,11.81],[79.69,11.85],[79.72,11.89],[79.69,11.98],[79.65,11.99],[79.65,12],[79.66,12],[79.67,12.01],[79.71,11.98],[79.72,11.98],[79.73,11.99],[79.75,11.98],[79.75,11.97],[79.73,11.96],[79.72,11.97],[79.73,11.95],[79.74,11.91],[79.75,11.92],[79.76,11.93],[79.77,11.94],[79.77,11.95],[79.78,11.95],[79.79,11.94],[79.79,11.96],[79.8,11.96],[79.83,11.94],[79.84,11.94],[79.88,12.06],[80.05,12.33],[80.16,12.47],[80.26,12.78],[80.25,12.86],[80.3,13.15],[80.35,13.33],[80.31,13.43],[80.28,13.39],[80.22,13.48],[80.16,13.48],[80.15,13.48],[80.14,13.48],[80.14,13.49],[80.13,13.5],[80.12,13.5],[80.1,13.51],[80.09,13.53],[80.08,13.53],[80.07,13.54],[79.99,13.53],[80.04,13.5],[79.96,13.45],[79.93,13.34],[79.85,13.3],[79.75,13.3],[79.72,13.27],[79.78,13.23],[79.7,13.2],[79.68,13.26],[79.57,13.25],[79.54,13.31],[79.45,13.32],[79.42,13.29],[79.42,13.18],[79.35,13.13],[79.25,13.15],[79.15,13.01],[78.98,13.08],[78.88,13.08],[78.7,13.06],[78.69,13],[78.61,12.98],[78.63,12.92],[78.55,12.69],[78.49,12.73],[78.46,12.62],[78.37,12.61],[78.26,12.69],[78.19,12.7],[78.22,12.75]]],[[[79.31,9.33],[79.21,9.26],[79.28,9.25],[79.42,9.17],[79.33,9.26],[79.31,9.33]]]]},"properties":{"NAME_1":"Tamil Nadu"}},{"type":"Feature","geometry":{"type":"Polygon","coordinates":[[[92.23,24.5],[92.16,24.52],[92.17,24.43],[92.1,24.38],[91.96,24.38],[91.92,24.34],[91.94,24.27],[91.89,24.14],[91.84,24.2],[91.74,24.25],[91.76,24.14],[91.65,24.21],[91.63,24.1],[91.54,24.08],[91.38,24.11],[91.38,23.98],[91.31,24],[91.24,23.93],[91.26,23.84],[91.22,23.74],[91.17,23.75],[91.17,23.6],[91.25,23.49],[91.33,23.25],[91.33,23.16],[91.38,23.06],[91.42,23.06],[91.39,23.15],[91.41,23.25],[91.51,23.19],[91.55,23],[91.62,22.94],[91.72,22.99],[91.83,23.09],[91.77,23.28],[91.85,23.4],[91.94,23.44],[91.98,23.5],[91.94,23.68],[91.98,23.73],[92.07,23.64],[92.15,23.73],[92.22,23.7],[92.27,23.73],[92.27,23.74],[92.27,23.76],[92.26,23.8],[92.27,23.82],[92.28,23.82],[92.29,23.82],[92.28,23.82],[92.28,23.83],[92.28,23.84],[92.27,23.84],[92.29,23.87],[92.3,23.87],[92.31,23.86],[92.32,23.87],[92.32,23.88],[92.32,23.89],[92.32,23.9],[92.33,23.91],[92.33,23.92],[92.32,23.93],[92.31,23.93],[92.31,23.96],[92.31,23.97],[92.32,23.98],[92.32,24.02],[92.32,24.03],[92.32,24.04],[92.32,24.05],[92.32,24.06],[92.32,24.07],[92.33,24.1],[92.33,24.11],[92.33,24.12],[92.33,24.14],[92.34,24.14],[92.33,24.15],[92.33,24.16],[92.33,24.17],[92.33,24.19],[92.32,24.21],[92.31,24.21],[92.3,24.22],[92.3,24.23],[92.3,24.24],[92.29,24.24],[92.3,24.25],[92.21,24.25],[92.27,24.39],[92.23,24.5]]]},"properties":{"NAME_1":"Tripura"}},{"type":"Feature","geometry":{"type":"Polygon","coordinates":[[[83.86,27.35],[83.62,27.47],[83.39,27.48],[83.41,27.41],[83.36,27.34],[83.3,27.33],[83.27,27.38],[83.17,27.46],[83.04,27.45],[82.93,27.5],[82.74,27.5],[82.76,27.59],[82.71,27.72],[82.45,27.68],[82.21,27.84],[82.13,27.86],[82.07,27.92],[81.97,27.93],[81.89,27.86],[81.7,27.99],[81.65,27.99],[81.48,28.08],[81.45,28.16],[81.3,28.17],[81.32,28.2],[81.23,28.29],[81.21,28.36],[81.08,28.38],[81,28.45],[80.92,28.46],[80.72,28.57],[80.67,28.64],[80.59,28.68],[80.51,28.67],[80.52,28.55],[80.46,28.62],[80.37,28.63],[80.25,28.76],[80.12,28.83],[80.07,28.83],[79.99,28.72],[79.92,28.75],[79.91,28.76],[79.9,28.77],[79.89,28.78],[79.89,28.79],[79.9,28.8],[79.89,28.8],[79.88,28.8],[79.87,28.8],[79.85,28.8],[79.85,28.82],[79.88,28.82],[79.88,28.83],[79.86,28.84],[79.81,28.82],[79.82,28.81],[79.81,28.81],[79.8,28.81],[79.78,28.81],[79.79,28.82],[79.79,28.81],[79.8,28.82],[79.8,28.83],[79.8,28.84],[79.79,28.84],[79.8,28.85],[79.81,28.86],[79.81,28.87],[79.79,28.87],[79.79,28.88],[79.76,28.89],[79.65,28.85],[79.41,28.86],[79.36,28.97],[79.3,28.95],[79.2,29.03],[79.17,29.02],[79.14,29.12],[79.03,29.17],[79,29.12],[78.97,29.17],[78.9,29.16],[78.85,29.26],[78.81,29.25],[78.71,29.32],[78.89,29.41],[78.9,29.45],[78.69,29.51],[78.58,29.58],[78.51,29.65],[78.49,29.74],[78.33,29.8],[78.23,29.7],[78.19,29.71],[78.04,29.58],[77.95,29.59],[77.98,29.64],[77.92,29.71],[77.82,29.67],[77.76,29.72],[77.76,29.79],[77.7,29.87],[77.73,29.99],[77.93,30.25],[77.71,30.34],[77.64,30.41],[77.56,30.4],[77.57,30.38],[77.57,30.31],[77.41,30.11],[77.29,30.06],[77.18,29.9],[77.15,29.79],[77.11,29.75],[77.14,29.7],[77.09,29.6],[77.12,29.49],[77.12,29.38],[77.15,29.32],[77.13,29.27],[77.12,29.1],[77.21,29.01],[77.22,28.91],[77.19,28.87],[77.19,28.8],[77.2,28.8],[77.21,28.79],[77.22,28.79],[77.22,28.78],[77.23,28.77],[77.25,28.76],[77.25,28.75],[77.26,28.74],[77.27,28.74],[77.28,28.72],[77.29,28.71],[77.3,28.71],[77.32,28.72],[77.32,28.71],[77.32,28.67],[77.33,28.6],[77.31,28.6],[77.29,28.58],[77.3,28.55],[77.31,28.54],[77.33,28.52],[77.34,28.52],[77.34,28.51],[77.49,28.36],[77.47,28.27],[77.54,28.25],[77.48,28.04],[77.54,27.99],[77.47,27.89],[77.34,27.86],[77.28,27.81],[77.34,27.65],[77.34,27.52],[77.43,27.46],[77.43,27.4],[77.57,27.33],[77.67,27.2],[77.6,27.13],[77.51,27.11],[77.53,27.07],[77.74,26.99],[77.65,26.97],[77.42,26.87],[77.43,26.77],[77.5,26.85],[77.56,26.82],[77.72,26.88],[77.77,26.94],[77.89,26.89],[78.04,26.92],[78.09,26.9],[78.14,26.96],[78.26,26.93],[78.21,26.84],[78.36,26.87],[78.39,26.83],[78.57,26.76],[78.74,26.79],[78.86,26.7],[78.98,26.69],[78.98,26.59],[79.06,26.48],[79.13,26.44],[79.08,26.36],[79.13,26.34],[78.98,26.19],[78.94,26.14],[79,26.1],[78.94,26.04],[78.93,25.95],[78.75,25.75],[78.81,25.67],[78.81,25.62],[78.65,25.57],[78.48,25.58],[78.41,25.53],[78.42,25.48],[78.35,25.45],[78.29,25.37],[78.36,25.25],[78.44,25.13],[78.33,25.08],[78.33,25],[78.17,24.89],[78.27,24.67],[78.26,24.55],[78.22,24.54],[78.27,24.45],[78.36,24.38],[78.33,24.33],[78.39,24.27],[78.43,24.3],[78.5,24.39],[78.58,24.36],[78.7,24.23],[78.76,24.23],[78.78,24.19],[78.88,24.23],[78.91,24.3],[78.97,24.36],[78.99,24.43],[78.9,24.49],[78.97,24.5],[78.88,24.64],[78.78,24.59],[78.74,24.66],[78.77,24.7],[78.76,24.86],[78.67,24.9],[78.62,24.97],[78.64,25.06],[78.6,25.1],[78.57,25.26],[78.5,25.29],[78.53,25.37],[78.58,25.35],[78.6,25.42],[78.69,25.45],[78.66,25.39],[78.76,25.36],[78.74,25.5],[78.85,25.45],[78.83,25.52],[78.93,25.56],[78.9,25.45],[78.96,25.44],[78.97,25.37],[78.87,25.39],[78.78,25.3],[78.85,25.23],[78.89,25.35],[78.96,25.35],[78.97,25.29],[78.88,25.26],[78.88,25.16],[78.95,25.22],[79,25.2],[78.99,25.27],[79.06,25.23],[79.02,25.14],[79.08,25.19],[79.13,25.11],[79.24,25.12],[79.31,25.15],[79.27,25.25],[79.33,25.2],[79.26,25.31],[79.35,25.33],[79.33,25.29],[79.43,25.26],[79.39,25.12],[79.49,25.08],[79.55,25.17],[79.61,25.13],[79.74,25.14],[79.83,25.1],[79.86,25.16],[79.85,25.24],[80,25.27],[80.02,25.34],[80.13,25.34],[80.19,25.42],[80.26,25.43],[80.31,25.39],[80.3,25.3],[80.42,25.17],[80.35,25.14],[80.27,25.03],[80.39,25.01],[80.36,25.05],[80.46,25.07],[80.49,25.05],[80.6,25.1],[80.67,25.05],[80.78,25.08],[80.7,25.13],[80.8,25.15],[80.84,25.19],[80.91,25.16],[80.86,25.12],[80.85,25],[80.79,24.97],[80.86,24.94],[80.94,24.97],[80.96,24.93],[81.08,24.95],[81.13,24.89],[81.26,25.07],[81.27,25.17],[81.33,25.17],[81.42,25.14],[81.48,25.07],[81.51,25.19],[81.59,25.18],[81.59,25.08],[81.66,25.08],[81.79,25.01],[81.9,25.01],[81.9,24.88],[81.96,24.83],[82,24.85],[82.13,24.79],[82.21,24.8],[82.19,24.74],[82.25,24.76],[82.23,24.67],[82.28,24.68],[82.31,24.61],[82.41,24.6],[82.4,24.68],[82.52,24.68],[82.53,24.65],[82.67,24.7],[82.7,24.64],[82.76,24.65],[82.8,24.55],[82.72,24.56],[82.71,24.39],[82.76,24.37],[82.76,24.29],[82.72,24.14],[82.66,24.13],[82.71,24.08],[82.77,24.08],[82.75,24.01],[82.81,23.96],[82.95,23.87],[83.13,23.89],[83.19,23.92],[83.22,23.99],[83.28,24.02],[83.32,24.1],[83.4,24.27],[83.38,24.31],[83.44,24.37],[83.38,24.46],[83.39,24.5],[83.5,24.53],[83.54,24.63],[83.51,24.68],[83.39,24.78],[83.32,25.04],[83.35,25.11],[83.35,25.2],[83.41,25.25],[83.64,25.34],[83.7,25.4],[83.78,25.4],[83.92,25.56],[84.08,25.64],[84.07,25.7],[84.15,25.73],[84.22,25.66],[84.32,25.67],[84.33,25.74],[84.39,25.74],[84.49,25.68],[84.55,25.68],[84.56,25.74],[84.63,25.73],[84.62,25.79],[84.53,25.88],[84.42,25.89],[84.35,25.96],[84.29,25.95],[84.05,26.1],[84,26.18],[84.01,26.24],[84.15,26.25],[84.17,26.37],[84.06,26.39],[84.01,26.45],[83.9,26.45],[83.9,26.52],[84.05,26.54],[84.08,26.64],[84.27,26.6],[84.41,26.63],[84.37,26.68],[84.35,26.68],[84.34,26.68],[84.32,26.69],[84.32,26.72],[84.31,26.74],[84.3,26.75],[84.28,26.75],[84.27,26.74],[84.25,26.73],[84.24,26.73],[84.22,26.76],[84.24,26.78],[84.25,26.79],[84.25,26.81],[84.25,26.82],[84.24,26.82],[84.25,26.84],[84.25,26.86],[84.24,26.86],[84.22,26.87],[84.21,26.87],[84.18,26.85],[84.17,26.83],[84.15,26.84],[84.14,26.87],[84.14,26.88],[84.13,26.89],[84.1,26.89],[84.09,26.88],[84.08,26.88],[84.06,26.89],[84.05,26.9],[84.04,26.91],[84.05,26.91],[84.05,26.93],[84.03,26.94],[84.02,26.94],[84.03,26.95],[84.04,26.95],[84.04,26.96],[84.05,26.96],[84.04,26.97],[84.04,26.98],[84.05,26.99],[84.04,27],[84.04,27.05],[84.02,27.04],[83.99,27.07],[84.02,27.08],[84.02,27.09],[84.01,27.1],[83.98,27.09],[83.95,27.09],[83.94,27.09],[83.94,27.1],[83.94,27.12],[83.95,27.13],[83.95,27.14],[83.97,27.17],[83.98,27.18],[83.99,27.18],[83.98,27.2],[83.96,27.22],[83.96,27.23],[83.95,27.24],[83.91,27.25],[83.9,27.25],[83.9,27.28],[83.86,27.35]]]},"properties":{"NAME_1":"Uttar Pradesh"}},{"type":"Feature","geometry":{"type":"Polygon","coordinates":[[[77.56,30.4],[77.64,30.41],[77.71,30.34],[77.93,30.25],[77.73,29.99],[77.7,29.87],[77.76,29.79],[77.76,29.72],[77.82,29.67],[77.92,29.71],[77.98,29.64],[77.95,29.59],[78.04,29.58],[78.19,29.71],[78.23,29.7],[78.33,29.8],[78.49,29.74],[78.51,29.65],[78.58,29.58],[78.69,29.51],[78.9,29.45],[78.89,29.41],[78.71,29.32],[78.81,29.25],[78.85,29.26],[78.9,29.16],[78.97,29.17],[79,29.12],[79.03,29.17],[79.14,29.12],[79.17,29.02],[79.2,29.03],[79.3,28.95],[79.36,28.97],[79.41,28.86],[79.65,28.85],[79.76,28.89],[79.79,28.88],[79.79,28.87],[79.81,28.87],[79.81,28.86],[79.8,28.85],[79.79,28.84],[79.8,28.84],[79.8,28.83],[79.8,28.82],[79.79,28.81],[79.79,28.82],[79.78,28.81],[79.8,28.81],[79.81,28.81],[79.82,28.81],[79.81,28.82],[79.86,28.84],[79.88,28.83],[79.88,28.82],[79.85,28.82],[79.85,28.8],[79.87,28.8],[79.88,28.8],[79.89,28.8],[79.9,28.8],[79.89,28.79],[79.89,28.78],[79.9,28.77],[79.91,28.76],[79.92,28.75],[79.99,28.72],[80.07,28.83],[80.06,28.92],[80.12,28.98],[80.15,29.1],[80.27,29.14],[80.32,29.32],[80.24,29.41],[80.41,29.59],[80.37,29.75],[80.41,29.79],[80.49,29.8],[80.55,29.85],[80.61,29.96],[80.68,29.96],[80.76,30.05],[80.88,30.13],[80.86,30.17],[80.93,30.24],[81.02,30.24],[80.99,30.27],[80.81,30.32],[80.73,30.4],[80.59,30.48],[80.49,30.49],[80.28,30.57],[80.21,30.58],[80.18,30.67],[80.24,30.74],[80.16,30.81],[80.1,30.78],[80.04,30.84],[79.88,30.93],[79.85,30.98],[79.74,31.01],[79.59,30.94],[79.5,31.04],[79.41,31.04],[79.38,31.12],[79.3,31.15],[79.25,31.3],[79.13,31.44],[79.06,31.47],[78.98,31.36],[78.93,31.34],[78.91,31.26],[79,31.12],[78.88,31.1],[78.8,31.21],[78.66,31.2],[78.6,31.24],[78.47,31.2],[78.38,31.28],[78.3,31.29],[78.23,31.24],[78.15,31.23],[78.02,31.16],[77.89,31.15],[77.8,31.06],[77.82,31.01],[77.74,30.96],[77.79,30.93],[77.79,30.86],[77.69,30.75],[77.77,30.63],[77.73,30.61],[77.81,30.56],[77.8,30.51],[77.56,30.4]]]},"properties":{"NAME_1":"Uttaranchal"}},{"type":"Feature","geometry":{"type":"MultiPolygon","coordinates":[[[[89.86,26.7],[89.78,26.7],[89.76,26.74],[89.61,26.73],[89.65,26.77],[89.56,26.82],[89.46,26.81],[89.36,26.86],[89.25,26.82],[89.13,26.81],[89.09,26.9],[89.02,26.94],[88.97,26.92],[88.92,27],[88.87,26.96],[88.87,27.11],[88.75,27.15],[88.59,27.19],[88.52,27.18],[88.43,27.08],[88.41,27.09],[88.37,27.1],[88.35,27.1],[88.35,27.11],[88.32,27.12],[88.3,27.13],[88.28,27.13],[88.09,27.14],[88.02,27.22],[87.99,27.11],[88.04,27.04],[88.14,26.99],[88.14,26.9],[88.17,26.87],[88.19,26.77],[88.17,26.65],[88.11,26.54],[88.13,26.51],[88.23,26.55],[88.18,26.49],[88.24,26.45],[88.25,26.43],[88.23,26.39],[88.23,26.38],[88.25,26.38],[88.25,26.37],[88.27,26.38],[88.28,26.36],[88.29,26.36],[88.29,26.35],[88.28,26.35],[88.27,26.33],[88.27,26.34],[88.23,26.3],[88.22,26.29],[88.21,26.28],[88.2,26.28],[88.18,26.26],[88.16,26.26],[88.14,26.24],[88.13,26.23],[88.12,26.23],[88.12,26.22],[88.11,26.22],[88.1,26.21],[88.09,26.21],[88.09,26.2],[88.09,26.19],[88.07,26.19],[88.07,26.18],[88.06,26.17],[88.04,26.18],[88.03,26.17],[88.01,26.15],[88.02,26.14],[88.01,26.14],[88,26.14],[87.98,26.16],[87.96,26.15],[87.97,26.14],[87.97,26.13],[87.97,26.11],[87.95,26.1],[87.97,26.09],[87.97,26.08],[87.96,26.08],[87.93,26.07],[87.92,26.08],[87.92,26.09],[87.9,26.08],[87.89,26.08],[87.89,26.07],[87.88,26.07],[87.84,26.03],[87.83,26],[87.83,25.99],[87.83,25.98],[87.83,25.96],[87.83,25.95],[87.82,25.95],[87.83,25.94],[87.83,25.93],[87.81,25.93],[87.82,25.87],[87.91,25.85],[87.9,25.77],[88.05,25.69],[88.05,25.68],[88.04,25.65],[88.05,25.64],[88.04,25.64],[88.04,25.63],[88.04,25.62],[88.04,25.61],[88.03,25.6],[88.04,25.6],[88.03,25.59],[88.03,25.57],[88.04,25.56],[88.03,25.56],[88.03,25.55],[88.04,25.53],[88.05,25.53],[88.06,25.53],[88.06,25.51],[88.07,25.51],[88.07,25.5],[88.07,25.49],[88.07,25.48],[87.96,25.54],[87.79,25.45],[87.78,25.34],[87.86,25.29],[87.79,25.22],[87.77,25.1],[87.86,25.04],[87.96,24.94],[87.97,24.88],[87.91,24.86],[87.85,24.76],[87.9,24.72],[87.91,24.58],[87.8,24.56],[87.81,24.41],[87.76,24.3],[87.65,24.25],[87.69,24.15],[87.54,24.09],[87.49,24.12],[87.5,24.02],[87.44,23.98],[87.33,24.03],[87.23,24.02],[87.29,23.96],[87.29,23.89],[87.24,23.85],[87.14,23.87],[87.15,23.79],[86.9,23.88],[86.82,23.81],[86.79,23.69],[86.71,23.7],[86.53,23.63],[86.44,23.63],[86.36,23.54],[86.35,23.46],[86.22,23.44],[86.14,23.48],[86.15,23.57],[86.04,23.58],[86.05,23.5],[85.94,23.46],[85.87,23.48],[85.86,23.3],[85.83,23.26],[85.84,23.19],[85.91,23.13],[86.04,23.14],[86.14,23.08],[86.21,22.99],[86.5,22.99],[86.54,22.96],[86.43,22.92],[86.46,22.9],[86.42,22.78],[86.51,22.7],[86.54,22.72],[86.64,22.66],[86.65,22.58],[86.76,22.57],[86.79,22.47],[86.76,22.42],[86.84,22.4],[86.83,22.32],[86.89,22.25],[86.81,22.26],[86.8,22.21],[86.72,22.22],[86.72,22.14],[86.79,22.15],[86.85,22.1],[86.96,22.08],[87.03,21.99],[87,21.91],[87.08,21.86],[87.1,21.88],[87.1,21.89],[87.09,21.89],[87.09,21.9],[87.1,21.92],[87.11,21.92],[87.15,21.93],[87.16,21.93],[87.16,21.95],[87.17,21.97],[87.2,21.96],[87.22,21.95],[87.23,21.95],[87.23,21.94],[87.24,21.93],[87.25,21.92],[87.25,21.87],[87.24,21.86],[87.26,21.84],[87.26,21.83],[87.27,21.82],[87.26,21.81],[87.27,21.81],[87.27,21.8],[87.28,21.8],[87.29,21.8],[87.3,21.8],[87.31,21.79],[87.32,21.79],[87.33,21.79],[87.34,21.78],[87.36,21.78],[87.37,21.77],[87.38,21.77],[87.39,21.77],[87.42,21.77],[87.44,21.76],[87.44,21.74],[87.45,21.74],[87.44,21.73],[87.47,21.73],[87.47,21.72],[87.46,21.72],[87.47,21.7],[87.47,21.68],[87.46,21.66],[87.46,21.64],[87.48,21.61],[87.79,21.69],[87.98,21.85],[88.05,22.01],[88.19,22.11],[88.14,22.18],[87.99,22.21],[87.94,22.26],[87.95,22.4],[87.96,22.28],[88.07,22.21],[88.19,22.19],[88.22,22.08],[88.15,21.96],[88.16,21.88],[88.22,21.76],[88.28,21.76],[88.26,21.8],[88.26,21.81],[88.27,21.82],[88.31,21.83],[88.31,21.86],[88.33,21.86],[88.35,21.86],[88.39,21.8],[88.39,21.84],[88.4,21.89],[88.41,21.89],[88.42,21.9],[88.42,21.91],[88.43,21.9],[88.46,21.92],[88.46,21.9],[88.52,21.92],[88.58,21.89],[88.61,21.94],[88.64,22.04],[88.62,22.11],[88.67,22.22],[88.7,22.21],[88.73,22.2],[88.74,22.23],[88.8,22.28],[88.8,22.33],[88.82,22.36],[88.83,22.36],[88.85,22.36],[88.87,22.36],[88.86,22.37],[88.85,22.43],[88.8,22.44],[88.77,22.51],[88.85,22.43],[88.87,22.55],[88.9,22.56],[88.94,22.57],[88.96,22.69],[88.92,22.73],[88.97,22.84],[88.91,22.88],[88.86,22.96],[88.87,23.1],[88.93,23.14],[88.95,23.2],[88.91,23.23],[88.81,23.22],[88.72,23.25],[88.7,23.29],[88.76,23.37],[88.8,23.5],[88.74,23.48],[88.66,23.55],[88.64,23.61],[88.58,23.6],[88.56,23.71],[88.63,23.86],[88.73,23.91],[88.74,23.98],[88.7,24.17],[88.74,24.27],[88.7,24.31],[88.59,24.32],[88.44,24.38],[88.33,24.39],[88.21,24.46],[88.11,24.55],[88.01,24.67],[88.07,24.77],[88.16,24.87],[88.14,24.92],[88.23,24.96],[88.26,24.88],[88.33,24.87],[88.33,24.91],[88.45,25.04],[88.44,25.19],[88.48,25.21],[88.58,25.18],[88.61,25.21],[88.82,25.18],[88.83,25.21],[88.92,25.17],[88.96,25.26],[89.01,25.3],[88.92,25.31],[88.84,25.36],[88.81,25.52],[88.65,25.48],[88.51,25.54],[88.45,25.6],[88.46,25.66],[88.27,25.78],[88.26,25.81],[88.16,25.78],[88.1,25.83],[88.09,25.93],[88.19,26.02],[88.18,26.15],[88.35,26.22],[88.35,26.28],[88.46,26.37],[88.52,26.35],[88.48,26.46],[88.33,26.48],[88.38,26.59],[88.49,26.54],[88.56,26.46],[88.62,26.44],[88.74,26.36],[88.76,26.3],[88.82,26.3],[88.85,26.24],[88.88,26.29],[88.96,26.24],[89.06,26.25],[89.07,26.29],[89,26.29],[88.99,26.35],[88.92,26.37],[88.96,26.46],[89.04,26.4],[89.1,26.39],[89.12,26.27],[89.17,26.13],[89.27,26.09],[89.26,26.06],[89.4,26.01],[89.59,25.99],[89.65,26.06],[89.6,26.14],[89.64,26.23],[89.68,26.22],[89.69,26.19],[89.71,26.17],[89.68,26.16],[89.71,26.15],[89.72,26.17],[89.73,26.17],[89.72,26.18],[89.71,26.17],[89.7,26.18],[89.69,26.19],[89.71,26.19],[89.72,26.19],[89.71,26.21],[89.73,26.21],[89.72,26.22],[89.72,26.21],[89.7,26.22],[89.71,26.22],[89.71,26.23],[89.72,26.23],[89.73,26.24],[89.72,26.25],[89.72,26.26],[89.71,26.26],[89.7,26.26],[89.71,26.26],[89.72,26.26],[89.73,26.26],[89.73,26.27],[89.72,26.29],[89.72,26.3],[89.72,26.31],[89.72,26.3],[89.75,26.29],[89.76,26.29],[89.75,26.32],[89.87,26.45],[89.85,26.49],[89.88,26.61],[89.86,26.7]]],[[[88.83,21.61],[88.84,21.55],[88.9,21.56],[88.83,21.61]]],[[[88.54,21.64],[88.55,21.56],[88.58,21.61],[88.54,21.64]]],[[[88.77,21.65],[88.75,21.58],[88.8,21.59],[88.77,21.65]]],[[[88.58,21.69],[88.56,21.64],[88.61,21.62],[88.58,21.69]]],[[[88.81,21.71],[88.76,21.69],[88.76,21.68],[88.73,21.68],[88.81,21.66],[88.81,21.71]]],[[[88.31,21.71],[88.32,21.61],[88.35,21.65],[88.31,21.71]]],[[[88.45,21.71],[88.42,21.69],[88.45,21.62],[88.45,21.71]]],[[[88.2,21.72],[88.18,21.69],[88.21,21.6],[88.21,21.63],[88.23,21.64],[88.2,21.68],[88.2,21.72]]],[[[89.06,21.72],[89.01,21.7],[89.05,21.62],[89.09,21.64],[89.06,21.72]]],[[[88.55,21.74],[88.52,21.71],[88.55,21.64],[88.57,21.73],[88.55,21.74]]],[[[88.88,21.75],[88.87,21.69],[88.92,21.63],[88.94,21.69],[88.88,21.75]]],[[[88.41,21.73],[88.38,21.68],[88.4,21.6],[88.43,21.63],[88.41,21.66],[88.41,21.73]]],[[[88.22,21.76],[88.22,21.69],[88.23,21.64],[88.22,21.62],[88.25,21.59],[88.25,21.56],[88.29,21.56],[88.31,21.67],[88.27,21.75],[88.22,21.76]]],[[[88.93,21.76],[88.95,21.7],[88.98,21.71],[88.97,21.72],[88.98,21.73],[88.99,21.74],[88.99,21.75],[88.97,21.74],[88.96,21.75],[88.93,21.76]]],[[[88.83,21.77],[88.79,21.75],[88.86,21.64],[88.83,21.77]]],[[[89,21.79],[88.95,21.76],[88.96,21.75],[88.97,21.74],[88.98,21.75],[88.99,21.75],[88.99,21.74],[88.98,21.73],[89.01,21.72],[89,21.79]]],[[[88.72,21.81],[88.71,21.69],[88.76,21.68],[88.76,21.71],[88.78,21.72],[88.75,21.73],[88.76,21.76],[88.73,21.78],[88.72,21.81]]],[[[88.54,21.81],[88.5,21.77],[88.52,21.72],[88.54,21.74],[88.57,21.74],[88.54,21.81]]],[[[88.42,21.81],[88.38,21.78],[88.42,21.72],[88.42,21.81]]],[[[88.79,21.75],[88.78,21.82],[88.76,21.78],[88.75,21.77],[88.79,21.75]]],[[[88.94,21.85],[88.93,21.84],[88.92,21.84],[88.93,21.82],[88.94,21.82],[88.92,21.77],[88.98,21.82],[88.95,21.83],[88.94,21.85]]],[[[88.33,21.86],[88.31,21.83],[88.27,21.81],[88.26,21.81],[88.26,21.79],[88.3,21.77],[88.32,21.71],[88.38,21.77],[88.35,21.85],[88.33,21.86]]],[[[88.86,21.87],[88.83,21.78],[88.9,21.75],[88.86,21.87]]],[[[88.14,21.88],[88.04,21.72],[88.04,21.65],[88.15,21.65],[88.17,21.81],[88.14,21.88]]],[[[88.98,21.89],[88.98,21.87],[88.95,21.84],[88.98,21.82],[88.97,21.78],[89.03,21.86],[88.98,21.89]]],[[[88.62,21.9],[88.59,21.86],[88.64,21.78],[88.65,21.87],[88.62,21.9]]],[[[88.45,21.9],[88.43,21.9],[88.42,21.9],[88.42,21.89],[88.4,21.87],[88.39,21.83],[88.46,21.79],[88.49,21.85],[88.45,21.9]]],[[[88.72,21.91],[88.7,21.84],[88.72,21.79],[88.75,21.82],[88.76,21.78],[88.78,21.86],[88.72,21.91]]],[[[88.84,21.92],[88.89,21.81],[88.91,21.83],[88.92,21.83],[88.92,21.84],[88.93,21.84],[88.94,21.85],[88.95,21.84],[88.98,21.87],[88.97,21.9],[88.91,21.93],[88.89,21.91],[88.84,21.92]]],[[[88.72,21.93],[88.73,21.9],[88.78,21.87],[88.8,21.92],[88.79,21.92],[88.78,21.92],[88.75,21.93],[88.73,21.92],[88.72,21.93]]],[[[88.75,21.98],[88.73,21.98],[88.72,21.94],[88.73,21.92],[88.75,21.93],[88.78,21.93],[88.79,21.92],[88.8,21.93],[88.8,21.94],[88.75,21.96],[88.75,21.98]]],[[[88.66,22.02],[88.63,21.95],[88.68,21.94],[88.72,22],[88.66,22.02]]],[[[88.14,22.03],[88.07,21.99],[88.09,21.93],[88.14,22.03]]],[[[88.81,22.02],[88.76,22.01],[88.75,21.96],[88.83,21.94],[88.86,21.92],[88.91,21.93],[88.9,22.01],[88.81,22.02]]],[[[89.02,22.05],[88.97,22.02],[88.99,21.97],[89.02,21.98],[89,21.95],[89.03,21.93],[89.06,21.93],[89.08,21.99],[89.02,22.05]]],[[[88.87,22.17],[88.86,22.14],[88.83,22.13],[88.87,22.09],[88.92,22.11],[88.87,22.17]]],[[[88.95,22.19],[88.92,22.16],[88.9,22.17],[88.93,22.1],[88.9,22.06],[88.93,21.94],[89.02,21.92],[88.99,21.94],[88.99,21.97],[88.97,22.02],[88.98,22.04],[88.94,22.06],[88.98,22.15],[88.95,22.19]]],[[[89,22.2],[88.96,22.06],[89.04,22.06],[89.05,22.13],[89,22.2]]],[[[88.7,22.21],[88.68,22.21],[88.68,22.18],[88.65,22.16],[88.63,22.11],[88.66,22.02],[88.74,22.02],[88.69,22.09],[88.79,22.17],[88.77,22.18],[88.77,22.19],[88.73,22.19],[88.7,22.21]]],[[[88.84,22.19],[88.84,22.17],[88.83,22.16],[88.81,22.18],[88.77,22.14],[88.75,22.13],[88.7,22.08],[88.74,22.06],[88.77,22.11],[88.86,22.15],[88.84,22.19]]],[[[88.81,22.28],[88.75,22.23],[88.75,22.2],[88.77,22.19],[88.77,22.18],[88.79,22.17],[88.81,22.18],[88.82,22.18],[88.83,22.17],[88.83,22.2],[88.82,22.2],[88.81,22.21],[88.8,22.23],[88.81,22.28]]],[[[88.85,22.36],[88.83,22.36],[88.82,22.36],[88.8,22.33],[88.81,22.3],[88.83,22.27],[88.83,22.24],[88.8,22.23],[88.81,22.21],[88.82,22.2],[88.86,22.21],[88.87,22.17],[88.92,22.17],[88.92,22.23],[88.95,22.23],[88.94,22.3],[88.85,22.36]]],[[[88.98,22.38],[88.95,22.36],[88.95,22.26],[89.02,22.21],[89.06,22.13],[89.07,22.19],[88.99,22.29],[88.98,22.38]]],[[[88.9,22.55],[88.85,22.44],[88.9,22.41],[88.91,22.43],[88.9,22.44],[88.9,22.46],[88.89,22.47],[88.9,22.47],[88.89,22.49],[88.9,22.55]]],[[[88.92,22.57],[88.9,22.56],[88.91,22.51],[88.9,22.48],[88.89,22.47],[88.9,22.46],[88.9,22.45],[88.92,22.43],[88.91,22.42],[88.93,22.39],[88.9,22.38],[88.94,22.31],[88.96,22.41],[89,22.43],[88.96,22.55],[88.92,22.57]]]]},"properties":{"NAME_1":"West Bengal"}},{"type":"Feature","properties":{"NAME_1":"Telangana"},"geometry":{"type":"Polygon","coordinates":[[[77.25,19.85],[78.2,19.95],[79.4,19.7],[80.4,19.1],[81.0,18.3],[81.1,17.4],[80.7,16.5],[79.8,16.1],[78.5,16.0],[77.5,16.3],[77.2,17.2],[77.15,18.4],[77.25,19.85]]]}}]}